U,E_p,m_cdw,m_sdw,V,S,E_GS,Coh,E_p_bits
-6.0,0.0061810603108631845,-0.0022798448921063086,-0.18483171634301498,-4.0,0.20643668001914578,-36.415800872275746,0.20307254631246388,0.008917385057917837
-6.0,0.23512163261843688,0.2093715612144081,0.008964229830328282,-3.6666666666666665,0.3930503871398299,-34.53855831206603,0.3031820806573696,0.33920881338433606
-6.0,0.007588951995968429,0.3972186759119892,0.1733386339098009,-3.3333333333333335,0.2426888899329131,-32.65878327679607,0.2695546880241766,0.010948543410127964
-6.0,0.00932351836299472,0.3977854903023189,0.16801494433777164,-3.0,0.24956596243437756,-30.71291600696801,0.2815778926138958,0.013450993705929726
-6.0,0.01856023934888884,0.3978437653285843,0.16007376561424683,-2.6666666666666665,0.25964208719671056,-28.774871790461532,0.28893147130285374,0.026776765266353753
-6.0,0.01424677342825631,0.4000394875504368,0.15209097240204122,-2.3333333333333335,0.2689046631522863,-26.855862319888615,0.31052258329979354,0.020553749373614316
-6.0,0.018743084357158102,0.40179997399764644,0.13990880522754015,-2.0,0.28286628189430046,-24.95245341288688,0.32869668618997633,0.02704055485303547
-6.0,0.029073589870722838,0.40290406029911274,0.12272270030523094,-1.6666666666666667,0.3024257926143683,-23.073565292092283,0.35282271555267747,0.04194432392733205
-6.0,0.04093034579766153,0.40491794736805975,0.10025762078411608,-1.3333333333333333,0.32589841150557425,-21.228738676567357,0.37851503489225985,0.05905000690415685
-6.0,0.05912506489434577,0.40573693055078675,0.07077486939581826,-1.0,0.3559597182157153,-19.431157016232365,0.40967395638568604,0.0852994379153107
-6.0,0.10816973603422153,0.3927548642395121,0.031172348264541884,-0.6666666666666666,0.40531022919526727,-17.703771411277444,0.46008263704347496,0.15605594175083937
-6.0,0.25215663044432324,0.30494151291265525,-0.017291088297106433,-0.3333333333333333,0.5288493385919507,-16.120106997245717,0.5516001391956508,0.3637851202692959
-6.0,0.3858411598047573,-9.271335400695691e-6,-0.04658482155361924,0.0,0.6697224644309105,-14.992720752795805,0.6171684697266693,0.5566511278211692
-6.0,0.35297851666312585,-0.24283123752654606,-0.06673197200273202,0.3333333333333333,0.621291666593896,-14.32532544331342,0.5874031788319999,0.5092403555302338
-6.0,0.2726758387103305,-0.44093105522666426,-0.09691138106858972,0.6666666666666666,0.5295522690610438,-13.856544710890551,0.5403328245977055,0.39338808027763283
-6.0,0.1852567643734635,-0.5760094340699957,-0.12601611354643288,1.0,0.43834380926754635,-13.527761662125512,0.4938261473182617,0.26726901525273083
-6.0,0.12201120075286775,-0.6539945366886902,-0.14778292964392767,1.3333333333333333,0.37360501263424617,-13.297195012950299,0.451125313350033,0.17602495425907083
-6.0,0.08207343060539207,-0.6986043101486723,-0.16264356100125352,1.6666666666666667,0.33244584310885517,-13.130308085127982,0.4171447466643497,0.11840693132314328
-6.0,0.057163485676703596,-0.7255097948743087,-0.1726449639255237,2.0,0.30637929151132753,-13.004625822936159,0.3907800606241374,0.08246947730570753
-6.0,0.04121494109924906,-0.7428616147042055,-0.1794755235261411,2.3333333333333335,0.28961128149504267,-12.906346614074545,0.36996797566800466,0.05946059113441704
-6.0,0.024225899614558566,-0.7693586690407831,-0.18664565034594008,2.6666666666666665,0.25317433301407544,-12.647612421370379,0.29422684649244285,0.034950585234998055
-6.0,0.02369491739671381,-0.7628444172502997,-0.18747966215465436,3.0,0.2703302523626962,-12.761146415678779,0.33845584934462597,0.03418453982251313
-6.0,0.01830263138543331,-0.7689141472292811,-0.1901138974445133,3.3333333333333335,0.2634495176901727,-12.707052997190468,0.32719365608608564,0.026405115534983814
-6.0,0.014696823871374498,-0.7735276291935931,-0.19196483630575717,3.6666666666666665,0.2593942908128663,-12.660426293024356,0.31800510842814234,0.0212030349160508
-6.0,0.011855478388477003,-0.777049097634477,-0.19369830867560953,4.0,0.25756811638400184,-12.617349561275477,0.30735669176799507,0.01710383987842201
-5.5,0.005962327988729532,0.3955497204645634,0.1804588319431331,-4.0,0.2338341778162981,-35.58434603563694,0.25465251503044317,0.008601821021493539
-5.5,0.010095874590173137,0.3949150814270046,0.17642016902522245,-3.6666666666666665,0.24017256981710933,-33.62496404944414,0.26722714013993176,0.01456526820467996
-5.5,0.06892929435995954,0.3763430787216913,0.15560535426927008,-3.3333333333333335,0.27499247867700316,-31.66567308451085,0.29629700616485893,0.09944395114508886
-5.5,0.2574427785666773,0.13888729393384486,-0.050994593968317715,-3.0,0.3994512947287534,-29.58549519249137,0.29309571788425626,0.37141141995082094
-5.5,0.011297299373868475,0.39714048638090577,0.16050024339612817,-2.6666666666666665,0.26072554926955854,-27.793757430291823,0.3021632912435037,0.01629855778211775
-5.5,0.02335675270782378,0.3954290148831154,0.1491697457025853,-2.3333333333333335,0.2754269660896684,-25.872532700661203,0.32062141547886486,0.03369667130284748
-5.5,0.01849512509507134,0.3996081315757884,0.13869335794665677,-2.0,0.286844169319146,-23.973113329029704,0.3381983996570329,0.02668282525528065
-5.5,0.0283845326052381,0.40039442666604685,0.12116525577835753,-1.6666666666666667,0.307170176958124,-22.097576337807162,0.363722560856302,0.04095022442752816
-5.5,0.03778478375060712,0.40242146265210665,0.09848050457765703,-1.3333333333333333,0.3311884287260286,-20.257209947814314,0.3898677694408028,0.05451192013806283
-5.5,0.05985915049173651,0.400649695831006,0.06735130432563631,-1.0,0.3650471006365114,-18.466088811722447,0.4263717199789854,0.0863584995662543
-5.5,0.10972462359227508,0.38452212698287813,0.026556610179234198,-0.6666666666666666,0.4186653091802509,-16.749683275653332,0.4811214521667217,0.15829917031998297
-5.5,0.25358404438756876,0.28682365715033775,-0.022833045425342046,-0.3333333333333333,0.5494059787860259,-15.189682724277292,0.5762335050040758,0.365844443286512
-5.5,0.36570112704643765,-1.0928474058813364e-6,-0.050962037095296966,0.0,0.674095090925914,-14.080872028541883,0.6361822721017211,0.5275952024374
-5.5,0.33889192847944405,-0.2339101208856354,-0.07034680143073946,0.3333333333333333,0.6284903965019407,-13.401746422957649,0.6055459637677123,0.48891770461459094
-5.5,0.26646568090983,-0.4298104575063485,-0.09939758918151012,0.6666666666666666,0.5401798871780279,-12.920111299777279,0.5558711984892701,0.3844287164157132
-5.5,0.18342957463388276,-0.5669976954021019,-0.1277507902051545,1.0,0.4496184469144785,-12.579876079204851,0.507843307863391,0.2646329376766743
-5.5,0.12145747378646576,-0.6476817499538841,-0.1491989945326015,1.3333333333333333,0.38350935402306846,-12.340149829338202,0.4630530734450511,0.1752260951106357
-5.5,0.08161230786638773,-0.6941875056890673,-0.16364057487636882,1.6666666666666667,0.34083934436894314,-12.166418435361713,0.4274443877374294,0.1177416718343407
-5.5,0.05670749016849408,-0.7223000757695873,-0.17343088527141426,2.0,0.31340041496102566,-12.035420361254085,0.3995171048994361,0.08181161484734645
-5.5,0.04069935700225247,-0.7403371502723701,-0.18003218775502733,2.3333333333333335,0.2953819761640342,-11.933070374465961,0.3776447447289386,0.058716760514518906
-5.5,0.030252643551801794,-0.7524882275395772,-0.18456903635126945,2.6666666666666665,0.28224123222199626,-11.850538479942221,0.3592381125589703,0.04364533882596566
-5.5,0.023297851706020722,-0.7612262488367277,-0.18816872083924205,3.0,0.27673433994829794,-11.782793369213714,0.34668734390015704,0.03361169511964279
-5.5,0.0174065021183738,-0.7674896591279105,-0.19012373123511347,3.3333333333333335,0.2597548440032179,-11.725122661217046,0.32899410375942095,0.02511227428540108
-5.5,0.014552490334507118,-0.7725887016975523,-0.19265487210295698,3.6666666666666665,0.2640094751186931,-11.675230961523722,0.3215629369917959,0.02099480563817835
-5.5,0.010113924488478254,-0.7768766019737425,-0.19261204052106418,4.0,0.21775350466813553,-11.609894323864385,0.24413760797777434,0.014591308703452821
-5.0,0.2575547776824887,0.022122661832436608,-0.16413714647635497,-4.0,0.348064678522102,-34.44425308650601,0.24022251163657005,0.3715730005197857
-5.0,0.02693839401401732,0.390398026403627,0.17330725492452415,-3.6666666666666665,0.2407381580407074,-32.632126200895364,0.2674615565440204,0.03886388745353564
-5.0,0.005491467122537008,0.395218634443812,0.17307209616612979,-3.3333333333333335,0.2458287866056501,-30.68678294175101,0.27687515316009764,0.00792251238488939
-5.0,0.010428822085459366,0.39455974703372887,0.16673285661332565,-3.0,0.2547596696896305,-28.744018117270713,0.29575087898930935,0.015045609905005808
-5.0,0.01200569526329942,0.39509888205881155,0.15959349782374238,-2.6666666666666665,0.2641123184895396,-26.812088204299272,0.3107574777649993,0.017320557018785987
-5.0,0.013566138550333395,0.3961228179387061,0.1502712641646525,-2.3333333333333335,0.2757464859601595,-24.89468063037401,0.3274912894244244,0.019571800810578743
-5.0,0.018507745008916165,0.396924842029126,0.1372247628978756,-2.0,0.2916605047673194,-22.99672071644332,0.3491144330551576,0.02670103194240081
-5.0,0.025248420212560907,0.39802697362972717,0.11967639387412621,-1.6666666666666667,0.3120149625563361,-21.12515701773126,0.37408659715997716,0.0364257706309421
-5.0,0.037290057199565796,0.3982604745835852,0.09566591621404234,-1.3333333333333333,0.33900016971499736,-19.290131250422256,0.40503519294693047,0.05379818059627928
-5.0,0.060645015642183386,0.3943705870526909,0.06322245237910473,-1.0,0.3761735176389148,-17.506998456010624,0.4457042119989857,0.08749226332161131
-5.0,0.11247798523622277,0.3738136676504957,0.02085004686363701,-0.6666666666666666,0.43543581327803454,-15.804098447070675,0.5059301173519017,0.16227143150948065
-5.0,0.25163299466978506,0.26689843095501053,-0.029254880084052526,-0.3333333333333333,0.5714246587437604,-14.271725927665083,0.6023446354145003,0.3630296735341374
-5.0,0.34276449787679764,-2.0056152896907873e-6,-0.0560868476812776,0.0,0.6789755750460613,-13.180614393270151,0.6566426909644065,0.49450464127965166
-5.0,0.32230111191514976,-0.2243922936668906,-0.07457340436026912,0.3333333333333333,0.6361871676967227,-12.48826623086438,0.6252155645935755,0.4649822158329857
-5.0,0.25842754785120103,-0.4176149769091815,-0.10229379421598453,0.6666666666666666,0.551430247336475,-11.99199500761573,0.5738825171005887,0.372832141714023
-5.0,0.18060937453789783,-0.5568215380546603,-0.1297361202600626,1.0,0.46164301412540354,-11.638600383980755,0.522881186072478,0.26056424898388286
-5.0,0.12024170673136836,-0.6404693283051728,-0.15053112373053307,1.3333333333333333,0.39419586050084765,-11.388416844516824,0.47624808193433543,0.17347211400937068
-5.0,0.0808983890957522,-0.6891225784518242,-0.1647575970963114,1.6666666666666667,0.3496921813872538,-11.206577319007017,0.438406659133848,0.11671170476434733
-5.0,0.055957107201755285,-0.719935718462866,-0.17497305746012573,2.0,0.31614277906985705,-11.0562127377119,0.39338242481155355,0.08072904106246437
-5.0,0.04025717254375505,-0.7375503981994191,-0.18077338699696538,2.3333333333333335,0.3014300573197303,-10.962305578641717,0.3854627457931084,0.05807882318908675
-5.0,0.029867622043839637,-0.750335327192127,-0.18532345838616307,2.6666666666666665,0.28832131081637097,-10.876058589248927,0.3667679337260534,0.04308987020579336
-5.0,0.02273644181264589,-0.7595514097785403,-0.18849701662252855,3.0,0.2787951029315153,-10.80498730793564,0.3511641894665927,0.03280175185056455
-5.0,0.017926230338553006,-0.7664748430016128,-0.19124926336163175,3.3333333333333335,0.2726821294303078,-10.743563772775722,0.3363790614150704,0.025862083611263298
-5.0,0.013895802381269196,-0.7713674571319168,-0.19254795404821518,3.6666666666666665,0.2625417975346364,-10.69408443251696,0.32485985844328996,0.020047405184630218
-5.0,0.011542080826259626,-0.775556769505707,-0.19366475871525934,4.0,0.26252634694165805,-10.64835527294978,0.3149370363808903,0.016651702769584276
-4.5,0.00757081776355073,0.39291799300508956,0.17963039373150697,-4.0,0.23819400840947944,-33.610941153159814,0.266592062164022,0.010922381242948642
-4.5,0.009340800251584014,0.3924984672697751,0.17592812508434508,-3.6666666666666665,0.24380827270842714,-31.6538879203638,0.2781919614624734,0.013475926200894772
-4.5,0.01938723272447107,0.38987382806804,0.16930441129841953,-3.3333333333333335,0.2541685451409143,-29.70341283902114,0.29588497614728837,0.02796986450815453
-4.5,0.039069572016667165,0.385963637307464,0.16036160984069564,-3.0,0.26808976071548496,-27.753544633679926,0.30051562073088184,0.05636547779809975
-4.5,0.11061434384392332,0.3552590228407289,0.12752583673738624,-2.6666666666666665,0.3203539334044048,-25.815451864352458,0.3517805399437013,0.15958276531481497
-4.5,0.014864354908445954,0.39317557331549696,0.14879013179154965,-2.3333333333333335,0.2807814104092646,-23.918342911282473,0.3389671678312377,0.021444731112428173
-4.5,0.018584406600101522,0.3937087328572389,0.13548266759198294,-2.0,0.2974341613888428,-22.023943772376146,0.36145827639884764,0.026811631239830547
-4.5,0.025110836201065245,0.39403775095571525,0.11723615884593601,-1.6666666666666667,0.3193802193886618,-20.157137150461576,0.3887522563489475,0.03622727885985233
-4.5,0.037058537530525903,0.3930308615670458,0.0921877647782737,-1.3333333333333333,0.3486925163892388,-18.32874424595403,0.4228044016224815,0.053464168317887584
-4.5,0.060429762852148405,0.3869583558933619,0.058310643641966385,-1.0,0.3893602647878299,-16.555518373387805,0.46763747577508635,0.0871817191888904
-4.5,0.11504695907814022,0.3605267759059694,0.013868651742392452,-0.6666666666666666,0.45582442503122583,-14.869374234359668,0.5346157128315104,0.16597767733138857
-4.5,0.24468604740369515,0.24557819789242963,-0.0366920441712926,-0.3333333333333333,0.5940734021300236,-13.368866752151131,0.6297615773895876,0.3530073471640325
-4.5,0.31666333614804665,-3.471019196510383e-8,-0.062127840695039425,0.0,0.6843729853401609,-12.293996052970451,0.6785039207989008,0.45684862469214194
-4.5,0.30282858218762976,-0.21422859642422454,-0.07954854035103519,0.3333333333333333,0.6444062122283304,-11.586686290615274,0.6464490086549809,0.43688929376152874
-4.5,0.24824864485456688,-0.4041967973805174,-0.10569574543269891,0.6666666666666666,0.5633724504596729,-11.073675652748928,0.5934161101277142,0.3581470888390892
-4.5,0.1766287846338337,-0.5452710494869402,-0.13202980909234352,1.0,0.47454226189035814,-10.705091433186412,0.5390291609762836,0.254821471669477
-4.5,0.11857925683410442,-0.6321275465309754,-0.1521870856400179,1.3333333333333333,0.4056138273099574,-10.442642610962816,0.49019236499745383,0.17107370578686165
-4.5,0.07992530771684647,-0.6832351239883843,-0.16600605696982645,1.6666666666666667,0.3591676067172619,-10.251435813856325,0.45017469150760614,0.11530784508461878
-4.5,0.055388554086182706,-0.7143633129695304,-0.1752394960300419,2.0,0.3285044748129578,-10.107147346460296,0.4186835274162263,0.0799087923021462
-4.5,0.03955660385371673,-0.7344228963611847,-0.18159882917759304,2.3333333333333335,0.3080974232870588,-9.994223742447573,0.39372925398148717,0.05706811621416685
-4.5,0.029307558923834298,-0.7478714561021471,-0.18596531402628974,2.6666666666666665,0.2935603175748147,-9.903946503643837,0.3739837806228739,0.04228186991997651
-4.5,0.022393300659456328,-0.7578420633296254,-0.18884883880184983,3.0,0.2833931612942697,-9.828588630696697,0.35627959636995965,0.03230670381053313
-4.5,0.01720660749430558,-0.7645368414517679,-0.1911425659946933,3.3333333333333335,0.2716761363992071,-9.766783639996405,0.3420081101258964,0.02482388730255769
-4.5,0.01377542734061099,-0.7700522398569518,-0.19298133174570256,3.6666666666666665,0.26967057737693906,-9.71297796543239,0.3317302363925621,0.01987374071042547
-4.5,0.01113592588383372,-0.7742046875343892,-0.19421821413551726,4.0,0.26511617878166377,-9.667279788366656,0.3221306062559005,0.016065745048314373
-4.0,0.008577862502092692,0.3912589676025835,0.17913371816121587,-4.0,0.24056912320303195,-32.6264926935322,0.27253326193642935,0.012375239693196427
-4.0,0.012529252670621549,0.3900532020572138,0.17479141990795094,-3.6666666666666665,0.24749089044558836,-30.671068911041992,0.2871279774919478,0.018075890693950658
-4.0,0.011034744601796431,0.39035214923898975,0.17085767946381625,-3.3333333333333335,0.2533957797269214,-28.722883102820255,0.29839022122581427,0.015919771314488074
-4.0,0.010536167627070103,0.3907354088123223,0.16566453534212325,-3.0,0.2605496108320525,-26.78267180970839,0.3046467693353984,0.015200476785549366
-4.0,0.01619029673749184,0.38995424848176946,0.1572796457279423,-2.6666666666666665,0.27241199154211565,-24.852662430106307,0.3210609945168633,0.023357660813700054
-4.0,0.014478293662879116,0.39015580922520093,0.14746461349036497,-2.3333333333333335,0.2860511694000386,-22.945668158070117,0.3503580500265967,0.02088776246796975
-4.0,0.019404318761339967,0.3896142813106572,0.13326169187021536,-2.0,0.3046993870375504,-21.055660704687618,0.37604877463789244,0.027994514448813845
-4.0,0.025640685926261453,0.3889436196497841,0.11414249975712312,-1.6666666666666667,0.32865938079343665,-19.19472825130976,0.40609922780731944,0.036991690430808966
-4.0,0.03728890860859191,0.38635901530773353,0.08780776263820059,-1.3333333333333333,0.36088375610721346,-17.37459944634159,0.44380883994001424,0.053796523529777485
-4.0,0.06103605915897625,0.37724246882977436,0.05203664367204293,-1.0,0.40622588140585203,-15.613814570323434,0.4939029127657664,0.08805641986405988
-4.0,0.11681581994613444,0.3440823049945001,0.005259358697671235,-0.6666666666666666,0.4804540164482164,-13.948627030804685,0.5675114333434089,0.1685296041336657
-4.0,0.23170887872720525,0.2232839076739061,-0.045355466774325455,-0.3333333333333333,0.6167761907950624,-12.484211891322065,0.6577955539733618,0.33428525026968137
-4.0,0.287059642750068,3.6964442307052535e-8,-0.06929138341178567,0.0,0.6902550594105429,-11.423450598883925,0.7016062091613954,0.4141395230348808
-4.0,0.28009276833972296,-0.20335073807216456,-0.08544187042799456,0.3333333333333333,0.6531489613887218,-10.699168799066038,0.6692057775977687,0.40408844787257925
-4.0,0.2355868032037376,-0.3893822857744255,-0.10972435334193616,0.6666666666666666,0.5760703435603322,-10.166945509579618,0.6145474592922333,0.33987991268091644
-4.0,0.17126994394760042,-0.5320944551016389,-0.13470309448951895,1.0,0.4884599330997245,-9.780756647814242,0.5563714117531684,0.2470902987865342
-4.0,0.1162825525961233,-0.6224467446461766,-0.15408819154259606,1.3333333333333333,0.41799007638434277,-9.503962688002892,0.5052008544914761,0.1677602619723375
-4.0,0.07866929189973249,-0.6763812828131343,-0.16742878300983208,1.6666666666666667,0.36937526296193407,-9.301778182231537,0.4628036590898485,0.11349579729399029
-4.0,0.05452025827669438,-0.7094180143563859,-0.17634638421399335,2.0,0.3368292992251556,-9.14915600337207,0.42930183110350134,0.0786561062437725
-4.0,0.0390132705811328,-0.7306816599888158,-0.18239360255612408,2.3333333333333335,0.3146692476027943,-9.030094235018234,0.40282372643016956,0.05628425199625964
-4.0,0.028783057038118676,-0.745067449562778,-0.18658787621276923,2.6666666666666665,0.299050317740985,-8.9345647996404,0.38159378663096366,0.041525173650518
-4.0,0.021738043258732187,-0.7553088282106082,-0.1894559263098407,3.0,0.2878654135808063,-8.85583415574062,0.3640967063599769,0.031361367208002644
-4.0,0.01706571671508139,-0.762740777379304,-0.19172066667997972,3.3333333333333335,0.2793249983768568,-8.790235561852768,0.3498180415191208,0.02462062487406369
-4.0,0.013459123655527927,-0.7685621534577822,-0.1933258803225226,3.6666666666666665,0.2725393651717274,-8.734104335860899,0.3370923618991245,0.01941741095254157
-4.0,0.010981921550991425,-0.7730201033019097,-0.19457040202785347,4.0,0.26878981293098064,-8.6849669661215,0.3262714440469109,0.015843563761047452
-3.5,0.08752338231564138,0.35778398915268417,0.14860494989996575,-4.0,0.28858933633765416,-31.633719613230227,0.3120931325052271,0.12626954962860504
-3.5,0.0658687038804393,0.36951519613064254,0.1569779793864738,-3.6666666666666665,0.27873802897023026,-29.685775442464497,0.3198551217359085,0.09502845243809332
-3.5,0.017902671697148875,0.38619744646077614,0.16855358857243477,-3.3333333333333335,0.2598580211307374,-27.744616527031976,0.31187682791554355,0.025828095676140084
-3.5,0.0142559459173488,0.38690097479102226,0.1637315055983885,-3.0,0.26701405258785793,-25.80840397790877,0.32468003573537196,0.020566982478140705
-3.5,0.0163292281884051,0.38604584699249406,0.15559832493843212,-2.6666666666666665,0.27905317144550396,-23.884691889433473,0.34407248600802515,0.02355809652895635
-3.5,0.01787451937120932,0.3854300395377147,0.14502598312464668,-2.3333333333333335,0.29400012593438757,-21.97763342140372,0.3661907711539601,0.02578748045511725
-3.5,0.021274510192414553,0.38433843948126806,0.13037216170921395,-2.0,0.31396877156398517,-20.093049460957825,0.39341484353955253,0.030692630351937922
-3.5,0.026773690822390117,0.3824995674929018,0.11023033034861325,-1.6666666666666667,0.34033277972778536,-18.239486271946863,0.42649611698890755,0.03862627097575633
-3.5,0.038120063809293114,0.37778098240953556,0.08220210908014076,-1.3333333333333333,0.3763607972511824,-16.429822008856934,0.46874280561615395,0.05499562701603811
-3.5,0.06204581133248932,0.36468118081857037,0.04400221003969991,-1.0,0.4275630162431482,-14.684887295057283,0.5250193687716277,0.08951318431731492
-3.5,0.11666721201626595,0.3239771306953847,-0.005402049768529682,-0.6666666666666666,0.5096574007090591,-13.045949421923286,0.604500200565719,0.1683152082102084
-3.5,0.21192706894394076,0.20057725827852746,-0.055496886815705596,-0.3333333333333333,0.6387826478366402,-11.621321119308396,0.6878178555244789,0.3057461313955572
-3.5,0.2537151217523932,2.2549329183885192e-7,-0.0778274351893004,0.0,0.6965215665748071,-10.571841961678109,0.7256207924836764,0.3660335479507171
-3.5,0.2537407765214097,-0.19169894748278177,-0.09246278499547227,0.3333333333333333,0.6623660211374526,-9.828295585774857,0.693321296042416,0.3660705599587528
-3.5,0.2200713835499608,-0.3729892128528478,-0.11453356314519739,0.6666666666666666,0.5895591378765838,-9.273973712815865,0.6372878173462949,0.3174958936891019
-3.5,0.16427346684379396,-0.5170318717108571,-0.13785992093361255,1.0,0.5035202559249148,-8.867312798040727,0.5749431512333775,0.236996515965179
-3.5,0.11323390084623264,-0.611168408918519,-0.15629387646961843,1.3333333333333333,0.43150214798659936,-8.573673513519838,0.5213686870139647,0.1633619872113723
-3.5,0.07708168032431595,-0.6683564136365059,-0.16906381183324715,1.6666666666666667,0.38048784743002384,-8.358563872092052,0.4764223543747765,0.11120535794727893
-3.5,0.05351928500796399,-0.7036101122256759,-0.17761638815992803,2.0,0.3458277251270486,-8.196171012512012,0.4407181977638077,0.07721200707291276
-3.5,0.03828239883653883,-0.726371816531018,-0.18338553654073755,2.3333333333333335,0.32196601310785855,-8.06964712055256,0.4124622026076394,0.055229826954808825
-3.5,0.02824194425053661,-0.7417947945195844,-0.18737203729594204,2.6666666666666665,0.3050824553465082,-7.968278518479943,0.3897765324245961,0.04074451291531167
-3.5,0.021426348332438172,-0.7526912695572114,-0.19028416593566952,3.0,0.2928605770676497,-7.885058156615132,0.37126441977928787,0.030911686483568346
-3.5,0.016556575878532653,-0.7609586242544463,-0.1923911945834867,3.3333333333333335,0.28372645215638254,-7.8146423714504785,0.35471252093199496,0.02388608991406116
-3.5,0.01300292379806578,-0.7668834653853213,-0.19362039208561765,3.6666666666666665,0.2746830948709433,-7.756390851097309,0.3418887680614706,0.018759253680526555
-3.5,0.010864341807611755,-0.7720993382770354,-0.19484297395837127,4.0,0.2703694888910039,-7.7020320890717135,0.3263224278986287,0.015673932048364758
-3.0,0.012430140446402893,0.3866785003381868,0.17760078248777073,-4.0,0.2474981952150058,-30.664552852753506,0.2899608906428917,0.01793290197957864
-3.0,0.01579104432432832,0.3849924035870479,0.17308696285154745,-3.6666666666666665,0.2552725925358352,-28.713231292346954,0.3055414981891006,0.02278166133716608
-3.0,0.016270325196479307,0.3840819093800098,0.16835878574528118,-3.3333333333333335,0.2631928819842989,-26.769905449195516,0.32020270445246135,0.02347311747461145
-3.0,0.01771896184667221,0.3828016612289896,0.16192529873157346,-3.0,0.27357546558577106,-24.836888939458454,0.33811561327905904,0.025563058385894344
-3.0,0.019239275115074728,0.3814392136191788,0.15351653326833845,-2.6666666666666665,0.2866349680129243,-22.91726693296567,0.35896438145861165,0.027756406798816524
-3.0,0.02116835776749082,0.3798241656043885,0.14220070542452093,-2.3333333333333335,0.3035013264624165,-21.015424048835758,0.38378065936483363,0.03053948477492252
-3.0,0.02392820257990258,0.3777032230063856,0.12671731497580327,-2.0,0.3256187881476321,-19.137716043943303,0.41370165538285447,0.034521099199412486
-3.0,0.02789596672320882,0.3745242563299146,0.10531801524096127,-1.6666666666666667,0.35479010495896973,-17.293524411148613,0.4498763082469742,0.04024537285237706
-3.0,0.03929935969067366,0.3668974796978522,0.07495378539968227,-1.3333333333333333,0.39605794293934815,-15.497345582766686,0.4981361607004547,0.05669699133584638
-3.0,0.06295014446275626,0.34860762271650353,0.03362980881697518,-1.0,0.45430917471673055,-13.772855952527053,0.5613848759132802,0.09081786123966218
-3.0,0.11305006905065529,0.29991384837509893,-0.018602204512182103,-0.6666666666666666,0.5431415201831604,-12.166567620070154,0.6446789966597637,0.16309677399153522
-3.0,0.1851813173599708,0.17808058533496354,-0.06741915389965655,-0.3333333333333333,0.6592979438410619,-10.784161287234628,0.7228203462413441,0.26716016822051536
-3.0,0.21660550830192804,6.946952790798377e-10,-0.08802945185715912,0.0,0.7029697650691222,-9.742491221377755,0.749982093483969,0.31249569265642485
-3.0,0.22352709487175915,-0.17923037033748684,-0.10086456984950401,0.3333333333333333,0.6719262932807618,-8.977121433233377,0.7184408139595488,0.32248143127580375
-3.0,0.20134200783244727,-0.35482837727774263,-0.12031808801103913,0.6666666666666666,0.6038229464259117,-8.397376433396724,0.661536178234538,0.2904751162224981
-3.0,0.15535207016832042,-0.49976344068053047,-0.14162646749050758,1.0,0.5198514269381723,-7.966856670198137,0.5949255174302281,0.22412566122366995
-3.0,0.10930297670006506,-0.5979612266409177,-0.15888543451416576,1.3333333333333333,0.44636662210184647,-7.6533670469664035,0.5387842972102962,0.15769086243958563
-3.0,0.07513671367718233,-0.6588982891685123,-0.1709553825952996,1.6666666666666667,0.39271763586246705,-7.422967473244268,0.49113522734812165,0.10839936421076457
-3.0,0.05237573128224926,-0.696821254361782,-0.1790478732322572,2.0,0.35561877553252697,-7.249046897134799,0.45301276043297345,0.07556220778383382
-3.0,0.03751473344660594,-0.7213748732163798,-0.18449047124254675,2.3333333333333335,0.3298349312035664,-7.113768089200579,0.42279249343052977,0.054122319903689764
-3.0,0.02769419075401336,-0.7379982487008239,-0.1882496335113728,2.6666666666666665,0.31147806495853536,-7.0056418697212335,0.3985570345593653,0.03995427166224763
-3.0,0.02105525007471387,-0.7497465165279784,-0.1909097463720121,3.0,0.29807240866423823,-6.9171711409972065,0.378799582081021,0.030376304867466786
-3.0,0.016363840792521733,-0.7584060513920192,-0.19279097034853818,3.3333333333333335,0.2877971754269687,-6.8434977281912195,0.3624380984470342,0.023608031961267706
-3.0,0.013230907093174427,-0.7652649288039896,-0.19414954629325668,3.6666666666666665,0.27999967538113824,-6.780260229251163,0.3474400664434345,0.01908816404978575
-3.0,0.010285084566504343,-0.7699951939009276,-0.19525683021833126,4.0,0.2713325770524456,-6.726216356902302,0.3346089088822039,0.014838240499218891
-2.5,0.018373797185591068,0.382659587524564,0.17561904041469792,-4.0,0.2536666801813182,-29.687953840146882,0.3032154965440439,0.02650778608195159
-2.5,0.020052458366368375,0.3810190226873017,0.17138318010672945,-3.6666666666666665,0.2613667744308108,-27.739295457273332,0.3180239326641945,0.028929582242791962
-2.5,0.02063233824483346,0.37959016336337986,0.16641029727256665,-3.3333333333333335,0.27022724189513064,-25.79932320626131,0.33417808428833146,0.02976617206776533
-2.5,0.022282528017102843,0.3776281449594274,0.15959946970056954,-3.0,0.2818587985499094,-23.870410066866135,0.35379880782684703,0.03214689266874382
-2.5,0.021573809769676044,0.3761391541659411,0.1512812904364839,-2.6666666666666665,0.29541924250435614,-21.95589817322388,0.37500112891138654,0.031124428367793833
-2.5,0.025319357351799132,0.3728355413205041,0.1386724738769628,-2.3333333333333335,0.31539436204141635,-20.060748031491965,0.404121503621947,0.036528111289936493
-2.5,0.02837346660945972,0.3689909758716108,0.121789027663715,-2.0,0.3408402756401411,-18.19188671631142,0.43812107088643,0.04093425957029595
-2.5,0.03317682250097542,0.36306334951035224,0.09820431834492041,-1.6666666666666667,0.37498100399781675,-16.359948032590744,0.48023268450755274,0.04786403729461064
-2.5,0.042764249357708506,0.35201418954694125,0.06510673104484516,-1.3333333333333333,0.42180060745774595,-14.581360425578142,0.533846094274691,0.06169577047570529
-2.5,0.06329296916822047,0.3281711111432715,0.0201047212580621,-1.0,0.48732632607632526,-12.883326015383966,0.603018584818471,0.09131245274212985
-2.5,0.10415730475371432,0.2721601907633403,-0.03482016491495833,-0.6666666666666666,0.5794739943795044,-11.316814834828143,0.6858706634985339,0.15026722704054407
-2.5,0.15219780373212322,0.156382132665413,-0.08147015225259702,-0.3333333333333333,0.6775363897474989,-9.977002489399734,0.7564030374886151,0.21957501667852597
-2.5,0.17609094087775135,-5.279281234393806e-10,-0.10022572598352131,0.0,0.7092559553739488,-8.93916952500701,0.7738173661238323,0.254045527149803
-2.5,0.18944372796285114,-0.16593120003034112,-0.11094378467640294,0.3333333333333333,0.6815771844971252,-8.14920932771156,0.7439389606451315,0.27330952685952337
-2.5,0.17911308440813123,-0.33472705897028593,-0.12732072490855767,0.6666666666666666,0.6187533029792114,-7.540286388473314,0.6870100514326818,0.25840555863393666
-2.5,0.1442010470340167,-0.47994459907040954,-0.14617026804388078,1.0,0.5375355809397633,-7.0819458633969035,0.6184611267552907,0.20803813544697203
-2.5,0.10433271771296826,-0.5824382453696881,-0.161967279357809,1.3333333333333333,0.4628065477180573,-6.745004435232886,0.5574945222002503,0.1505202944469679
-2.5,0.07278812420083303,-0.6476972659967937,-0.17317944621005255,1.6666666666666667,0.40629808627392416,-6.496437579102423,0.507047839100844,0.10501106582015218
-2.5,0.05109932738593548,-0.6887880001337122,-0.18071813464796066,2.0,0.3664451570603065,-6.308848935028856,0.4663275318314342,0.07372074621245073
-2.5,0.036730086479350055,-0.7154893887145223,-0.185784666697146,2.3333333333333335,0.3384623226309554,-6.163256608743641,0.43394848823563803,0.052990313615180806
-2.5,0.027186860265374424,-0.7335656675980653,-0.1892634616513333,2.6666666666666665,0.3184166428852239,-6.047228845059841,0.4080272435681147,0.03922234848219697
-2.5,0.020618748064892056,-0.7464060538488225,-0.19168987037783355,3.0,0.30366718205238846,-5.952578914401472,0.3868409835981359,0.029746565582558837
-2.5,0.016063217209064895,-0.7557535743095123,-0.19344271876344105,3.3333333333333335,0.2925471720830661,-5.874007272267732,0.3694027604578203,0.02317432380824025
-2.5,0.01281723522185474,-0.7627457086641555,-0.19483716921048921,3.6666666666666665,0.28413209531581074,-5.807031405068738,0.3543439941539112,0.018491361692477337
-2.5,0.010391856336789518,-0.768411708510006,-0.19569345599525537,4.0,0.2769389165155731,-5.750060280708782,0.3410977844045359,0.01499227960271643
-2.0,0.13652747394859333,0.05018447571909059,-0.14675217083410558,-4.0,0.2695994976892996,-28.543961692856286,0.2839840952040432,0.19696750961073306
-2.0,0.024995637372513535,0.3762205628275619,0.16933315988635914,-3.6666666666666665,0.26872775718503206,-26.769809963207575,0.33195426963330793,0.03606108208118375
-2.0,0.026809299897899486,0.37375112814094125,0.16371099979196227,-3.3333333333333335,0.2794063901587864,-24.83408335069187,0.35073322384189715,0.03867764401240459
-2.0,0.048746239992198515,0.36137009248759433,0.14783319887431948,-3.0,0.3042009545366497,-22.90595683811137,0.37781735762160107,0.07032595869872793
-2.0,0.02824843041145697,0.3683516040430379,0.14747839381579017,-2.6666666666666665,0.3082773007660649,-21.00247533769778,0.3963843055031902,0.040753870467506115
-2.0,0.0319085897649265,0.36352780919599886,0.13370976334634893,-2.3333333333333335,0.3312184541349636,-19.115962715320553,0.42883963695201227,0.046034364215620016
-2.0,0.03489445474183328,0.3576026473188532,0.1151145117686928,-2.0,0.36072993436569645,-17.258696026194304,0.46729180160619294,0.05034205681056747
-2.0,0.039073434512061356,0.34867853876814936,0.0888923440922011,-1.6666666666666667,0.4004081053834934,-15.442900274472024,0.5150205723587846,0.05637105020105038
-2.0,0.04673828404307412,0.3331522228979284,0.051976379474100845,-1.3333333333333333,0.454274952136006,-13.687576188234434,0.5749850265705017,0.06742909060860303
-2.0,0.062149570774613805,0.3028751785612043,0.002487843982764926,-1.0,0.5264955625874764,-12.023663517217326,0.6485112870555003,0.08966287754991376
-2.0,0.08885192884559268,0.24175425555369592,-0.05444443834043868,-0.6666666666666666,0.6158583410823167,-10.503747008928215,0.7245265631850484,0.1281862371189555
-2.0,0.11479339100316466,0.1359472047632238,-0.09801814258314379,-0.3333333333333333,0.6927448705034305,-9.20426172715941,0.7868222542303571,0.16561185592709338
-2.0,0.1331500029492909,9.56348333858159e-12,-0.11475549709531183,0.0,0.7148630438500764,-8.166040109383486,0.7958919258836318,0.19209484894929352
-2.0,0.15192183088579747,-0.15183543764323432,-0.12302898166055658,0.3333333333333333,0.6908997898842951,-7.348629581731946,0.7688328985665853,0.21917687202171177
-2.0,0.1532985425366591,-0.3125577676585144,-0.13583632229879505,0.6666666666666666,0.634096555768361,-6.7064095105643,0.7131541932712423,0.22116304709314383
-2.0,0.1305442274863895,-0.45722039033973016,-0.15170750854131881,1.0,0.5565658822546131,-6.215685792567211,0.6434893668841047,0.18833550961129486
-2.0,0.09815296152217035,-0.5641457659112086,-0.16567884941345276,1.3333333333333333,0.48103609856966445,-5.851004552736035,0.5774718793019425,0.1416047908366007
-2.0,0.06999142850170448,-0.6343600431072259,-0.17582318292983873,1.6666666666666667,0.42150895376378916,-5.580769404394004,0.5242479327732971,0.10097628680414372
-2.0,0.04970943953824758,-0.6792277551032264,-0.18268317655131927,2.0,0.3785399742341818,-5.376885579146347,0.4807616851202949,0.07171556190719963
-2.0,0.035971013135736696,-0.7085308017622554,-0.18728128786112966,2.3333333333333335,0.3480123370502116,-5.219065862010474,0.4460347010273586,0.05189520226667854
-2.0,0.026695683547708127,-0.7283977254167716,-0.19042453626004005,2.6666666666666665,0.32603963363799215,-5.0937524535378085,0.4181956021078307,0.038513730267419444
-2.0,0.020282263069482998,-0.742519022381954,-0.19262419544371567,3.0,0.30971251948944756,-4.991916781155364,0.3953247086852399,0.0292611203483486
-2.0,0.01593405441788498,-0.7526109706867923,-0.19420199009364567,3.3333333333333335,0.29761886959257977,-4.907694694873907,0.3769091881168212,0.022987981289937398
-2.0,0.012721273475036599,-0.7603472031165861,-0.19529733003608526,3.6666666666666665,0.28782423350218944,-4.8367572635652465,0.36104559971421407,0.018352918156227638
-2.0,0.010606370282180366,-0.766274473038801,-0.19631343702740892,4.0,0.2807044792576338,-4.7755680271621666,0.34715911229248314,0.015301757807934191
-1.5,0.047477085178492695,0.3634109133595446,0.16220620057063292,-4.0,0.27828130380172017,-27.74289209202171,0.3404425685259745,0.06849495534287442
-1.5,0.03142702300551603,0.37010897579619567,0.16662391294172035,-3.6666666666666665,0.2782460638779867,-25.806091693420573,0.34852060576299204,0.045339610239961026
-1.5,0.03393840027164363,0.36660007890609514,0.16041873972365553,-3.3333333333333335,0.2907484159887599,-23.875722870364516,0.3694905424939618,0.048962761767604945
-1.5,0.03746922047201573,0.3620954200738611,0.1519362720928197,-3.0,0.3069457215415178,-21.958767628466763,0.39477764736581694,0.0540566585609521
-1.5,0.03892992592370215,0.35752673645454836,0.1415761173368827,-2.6666666666666665,0.3262264945773906,-20.05957667187924,0.4231927403214991,0.0561640110722994
-1.5,0.04141718984902254,0.3512488389399899,0.12678605511941315,-2.3333333333333335,0.3522018463240174,-18.184403419974345,0.4585015012358217,0.059752374402741726
-1.5,0.044167809974427596,0.34268900969870597,0.10589517605024383,-2.0,0.3868218762713617,-16.34259311602006,0.5019560455003422,0.06372068041703338
-1.5,0.04740445487887901,0.3299979447811745,0.07607276444691335,-1.6666666666666667,0.433204208806991,-14.54839461031412,0.5556851584791265,0.06839017196980368
-1.5,0.05177247360845838,0.30930260144718547,0.03422930318999671,-1.3333333333333333,0.49427022745905963,-12.823843842740363,0.6209760539092724,0.07469189092947781
-1.5,0.058708213367514084,0.273010683334343,-0.020136169933395343,-1.0,0.5697478307215367,-11.20287051222903,0.6942472579161567,0.08469804828476413
-1.5,0.06805855229026991,0.21042130796766748,-0.07769518983556974,-0.6666666666666666,0.6485943056545198,-9.734344159848431,0.7563312524713168,0.09818773587925467
-1.5,0.07602472318802778,0.11706293323249184,-0.11740174219267749,-0.3333333333333333,0.704205405005636,-8.470314088629515,0.8121178710130653,0.10968049112832379
-1.5,0.08967898972921029,8.44480041450879e-13,-0.13192232076944693,0.0,0.7190910330364109,-7.427537785560205,0.8145989588815115,0.12937943375426375
-1.5,0.1121237907341841,-0.13704544031851024,-0.13745082518825497,0.3333333333333333,0.6992720469425655,-6.57990118055469,0.791712774747278,0.1617604368578789
-1.5,0.12422301406880298,-0.2882816598045671,-0.146206487672419,0.6666666666666666,0.6493904363873272,-5.900049063068793,0.7390333444978319,0.17921592636134198
-1.5,0.11423001404715794,-0.4312634140968502,-0.15851226135678814,1.0,0.5767773707052136,-5.3718125255745175,0.6696070427803207,0.16479907478651112
-1.5,0.09060460076069554,-0.5425718374042588,-0.17020380016821166,1.3333333333333333,0.5012164186862081,-4.97434602085275,0.5993065690302857,0.1307148081991798
-1.5,0.06670682921201343,-0.6184079770445524,-0.17900508480129015,1.6666666666666667,0.43865030320451404,-4.678195220659464,0.5427735317676999,0.09623761169759826
-1.5,0.04823207292215481,-0.6677817665479014,-0.18502072328954713,2.0,0.3921908868494223,-4.454785567728606,0.4964218220507414,0.06958417241658754
-1.5,0.03526131605524241,-0.7002426124468928,-0.18905494822633095,2.3333333333333335,0.35872819858625943,-4.282384874590564,0.45913984414880626,0.05087132580811682
-1.5,0.026364746731244226,-0.7222646209084951,-0.19178373973315072,2.6666666666666665,0.33449500089108525,-4.146075972971448,0.4292179486671122,0.03803628936345982
-1.5,0.02016115224488213,-0.7377753008180996,-0.1936858176392728,3.0,0.316589790649348,-4.035863479703977,0.4049130013217183,0.029086394362298762
-1.5,0.015827464248667322,-0.749031792573426,-0.19505043549831175,3.3333333333333335,0.30309515247824387,-3.9450239891160086,0.38489245718932924,0.022834204181400253
-1.5,0.012823245277542306,-0.7574415789906904,-0.1960372856459036,3.6666666666666665,0.2921867127308392,-3.8687510895225126,0.36783825527147124,0.018500032370013297
-1.5,0.01034937698992655,-0.7639814702456188,-0.19676450065322637,4.0,0.2841395116316394,-3.803846732968662,0.35351890020176313,0.014930994859657432
-1.0,0.0380486339455659,0.36574712636219775,0.1677919762440265,-4.0,0.27929976316226157,-26.78484167416089,0.34865246958074203,0.05489257550586757
-1.0,0.04020477557506319,0.3620856182002173,0.1628002056847425,-3.6666666666666665,0.29086025307853813,-24.84976374098859,0.36833319062413916,0.058003230342197565
-1.0,0.04439048699788106,0.3569585040040999,0.1554999094915776,-3.3333333333333335,0.3062140002978064,-22.926394732923495,0.39240394462212896,0.064041935454489
-1.0,0.04429101304360805,0.3523646145404241,0.14766105996129913,-3.0,0.3228095369446935,-21.018187811589137,0.41787800489617133,0.0638984248739618
-1.0,0.0504587607327831,0.3444678801265644,0.13447359389900676,-2.6666666666666665,0.34821437268456723,-19.13066171051444,0.4527743826125651,0.07279660387858877
-1.0,0.05418665703489034,0.33531427793512936,0.11719587227213386,-2.3333333333333335,0.3796940638063718,-17.27080759452768,0.4933656648085498,0.07817482138658782
-1.0,0.05692821732316067,0.3233896353605808,0.09300449529850281,-2.0,0.42069574678983324,-15.449860013459935,0.5422952811865526,0.08213005681877261
-1.0,0.058528747673847414,0.3063849286928134,0.05837383227440862,-1.6666666666666667,0.47419757179551725,-13.684640414549081,0.6012284899834883,0.08443913401850134
-1.0,0.05785213571692882,0.2805092128084895,0.010496730265337872,-1.3333333333333333,0.5404341415477596,-12.000146160646343,0.6684722610791654,0.08346298930364826
-1.0,0.05362080572275896,0.24006056529770517,-0.04837087893818356,-1.0,0.6124742925158223,-10.43065871406776,0.7342925153933817,0.07735847050469502
-1.0,0.04599181717297918,0.1800205044945103,-0.10460976124643044,-0.6666666666666666,0.6742488395155941,-9.014570044339111,0.7866016254855857,0.06635216655692888
-1.0,0.04041284818721391,0.09983416711751932,-0.1398480571015833,-0.3333333333333333,0.7112368183065987,-7.779311643047004,0.8302209057089576,0.058303415667892544
-1.0,0.04887807039882519,-2.9176661087149115e-14,-0.15191930542028054,0.0,0.7210892912403835,-6.728187466752248,0.8280245677621414,0.07051614977260678
-1.0,0.07234611652153777,-0.12175099248325391,-0.15448467414962427,0.3333333333333333,0.7058608340758067,-5.847855584958994,0.8107290608560356,0.10437338353319792
-1.0,0.09295929660977786,-0.2620054444245385,-0.15879554378434457,0.6666666666666666,0.6639032252055961,-5.1260697238592705,0.7632312983102023,0.13411191622345253
-1.0,0.09541773918678209,-0.4018363440018574,-0.16691985918955293,1.0,0.5977562008842509,-4.55475225371429,0.696048066359535,0.13765869913760698
-1.0,0.0816020617671036,-0.5171726765607112,-0.17578121060217075,1.3333333333333333,0.5233831198692707,-4.118675888797008,0.6244160932752693,0.11772688983771529
-1.0,0.06291642805784514,-0.5992683769348899,-0.18288205770818008,1.6666666666666667,0.4580155517116212,-3.791494316410841,0.5625695880213161,0.09076921874949972
-1.0,0.04671807035182107,-0.6539940756492123,-0.18783665175354677,2.0,0.4077314793277894,-3.5445834230761286,0.5133814182863305,0.06739992841647391
-1.0,0.03467827861996109,-0.690309047182623,-0.19115917340469551,2.3333333333333335,0.37087907599238623,-3.354684946673901,0.47339784606419844,0.050030180591583484
-1.0,0.02615667967467883,-0.7149859435033694,-0.19340013280581564,2.6666666666666665,0.3439915424088263,-3.205274977679742,0.44117084608895757,0.0377361120527806
-1.0,0.02017215175762299,-0.7322903215593424,-0.19494236523936653,3.0,0.32411580657918326,-3.085114715573345,0.4150292659929435,0.029102263304782383
-1.0,0.015686921589750158,-0.7453833908237473,-0.19600598518008439,3.3333333333333335,0.30804874965780016,-2.9856832035268055,0.39169222887370775,0.02263144398434669
-1.0,0.012770075779213519,-0.7542299557299239,-0.19682739162127216,3.6666666666666665,0.29751462205506424,-2.90433772108792,0.3754737334113208,0.01842332499844801
-1.0,0.010475345054525409,-0.7613830228726622,-0.19743955181295442,4.0,0.28852364561504673,-2.8347922257632447,0.36038057156830805,0.015112728361764471
-0.5,0.4089260871259721,0.0882656688143471,-0.11788039685683867,-4.0,0.4955034316668705,-25.648663590035685,0.2711839786783762,0.5899556379867681
-0.5,0.0815613315721746,0.334616419747802,0.13915785726641583,-3.6666666666666665,0.32949583293595336,-23.898417330743875,0.4092800364491606,0.11766812858747633
-0.5,0.053865605636367775,0.3462172885228273,0.15059926660165476,-3.3333333333333335,0.32374008086649964,-21.98901530175545,0.4166004814461862,0.07771164212606863
-0.5,0.06334855124650818,0.3362588220701229,0.13775415412652817,-3.0,0.3497505537593258,-20.09296667568723,0.45133366322112917,0.09139264073083764
-0.5,0.0671800238458451,0.32700597195269854,0.12382950920745373,-2.6666666666666665,0.378028901353134,-18.220915291673354,0.4882952094086858,0.09692028724920299
-0.5,0.0711937230096038,0.31496608155346584,0.10377760662437,-2.3333333333333335,0.41524157396931444,-16.381845174906108,0.5333324333248881,0.10271083112837776
-0.5,0.0736804032458378,0.29930987442654927,0.07508942224193932,-2.0,0.46305146199435876,-14.589097461230015,0.5869272820865923,0.1062983523734693
-0.5,0.072739857893666,0.27802688436929346,0.034222350405139025,-1.6666666666666667,0.5222307179212958,-12.862210144905005,0.6482413109654602,0.10494143225815966
-0.5,0.06560934326170975,0.24807396853034205,-0.02039381416407505,-1.3333333333333333,0.5882792518570551,-11.227798250020351,0.7112167907900854,0.09465427415965033
-0.5,0.050551288602099786,0.20637792522387946,-0.08228494259450082,-1.0,0.6486287464118399,-9.715748567793023,0.7620516484002307,0.07293009337679601
-0.5,0.03062027132312184,0.15186238602195049,-0.13505377122532025,-0.6666666666666666,0.6906945014275303,-8.348824169978226,0.8113889769132154,0.04417571358854255
-0.5,0.014780621224257384,0.08422999168240516,-0.16535429075560729,-0.3333333333333333,0.7132153460698096,-7.135049268218219,0.8390864317006228,0.021323928941494152
-0.5,0.01588421411040719,-3.108624468950438e-16,-0.17472709712582574,0.0,0.7199431535964151,-6.072377396570943,0.8341121722049473,0.022916076925503237
-0.5,0.03660584694390279,-0.10623997522089368,-0.17426037059103944,0.3333333333333333,0.7096694523220611,-5.157412663048736,0.8236878021552398,0.052811073853508805
-0.5,0.061849467608002806,-0.23404260543317967,-0.17393472187673026,0.6666666666666666,0.6766035540224442,-4.389769483329736,0.7838032165298906,0.089229920199688
-0.5,0.07491042791476432,-0.36888384066416263,-0.1773155393961548,1.0,0.6187381993328971,-3.769626405103736,0.7215501830708775,0.1080729028635008
-0.5,0.07126517831881318,-0.4874317094056055,-0.18271508367005518,1.3333333333333333,0.5473357147848205,-3.2884088539117715,0.6504458724012252,0.10281391934861928
-0.5,0.058661668486383656,-0.5762794309377999,-0.18766007053639494,1.6666666666666667,0.4798343098092852,-2.9241196301511825,0.5837161517246481,0.08463089821557812
-0.5,0.04525140322769561,-0.6373035187015168,-0.19126672369228875,2.0,0.4255200293910134,-2.6488304054166716,0.5316509045022858,0.0652839750298635
-0.5,0.0343408088462287,-0.6783084256769288,-0.19369703629855983,2.3333333333333335,0.3848000691710471,-2.4378123157768457,0.4888865617015714,0.04954331462256967
-0.5,0.026248046222924426,-0.70624358674008,-0.1953202704797074,2.6666666666666665,0.3548097065545256,-2.2726853228686483,0.4541990294797667,0.03786792611883749
-0.5,0.02041433958877059,-0.725743879408711,-0.1964321643790394,3.0,0.3326310929158902,-2.1406680636022974,0.42604232179682583,0.029451666487742667
-0.5,0.01618442534733666,-0.7398756250757957,-0.19719226195416986,3.3333333333333335,0.31586684233695306,-2.0330723142118665,0.40289756861734966,0.023349190188240332
-0.5,0.01304862957410724,-0.7503695789074041,-0.19776014760900673,3.6666666666666665,0.30299496658157377,-1.9438073230678676,0.3836023119625588,0.01882519317696163
-0.5,0.010659122372473462,-0.7582145448835396,-0.1982133196093492,4.0,0.29303160501429415,-1.8682789096018408,0.3671745117640715,0.01537786298699606
0.0,0.06295904522991225,0.3448396547757765,0.15663986882499456,-4.0,0.3124883965975002,-24.88754201298332,0.39410520531651577,0.09083070233229895
0.0,0.0693360399028986,0.33729662067703053,0.14901170014734885,-3.6666666666666665,0.33093109939487775,-22.96975340013734,0.42016828591307936,0.10003076092279128
0.0,0.07594933664262382,0.32831904612834617,0.13920420694403074,-3.3333333333333335,0.3534296196492856,-21.06822533435448,0.4505976080063944,0.10957173133312015
0.0,0.0822331188422678,0.3179137405959117,0.12660205587220694,-3.0,0.38101986938223414,-19.188296059101464,0.48596449492400984,0.11863731275057221
0.0,0.08862818924952842,0.30526040404089133,0.10923729305654614,-2.6666666666666665,0.4159647964716077,-17.33742023787834,0.527904877626206,0.12786344911326308
0.0,0.09306966282863871,0.29012589787412,0.08524822610675055,-2.3333333333333335,0.4592241359243564,-15.526527238341021,0.57656707286101,0.13427114102008497
0.0,0.09471614963785391,0.2710246389406332,0.050620597034596294,-2.0,0.5124544561007588,-13.771267527597555,0.6321172448995951,0.1366465193746289
0.0,0.09021244180295573,0.24638127576569654,0.0020936279113052737,-1.6666666666666667,0.5728415396753054,-12.093225497798795,0.6904162907303412,0.13014904241560865
0.0,0.07665184256194046,0.21427960020899803,-0.05909917707941388,-1.3333333333333333,0.6307446604820278,-10.517547431179773,0.7414920879540572,0.11058523313911328
0.0,0.05503314548805749,0.17406976753276446,-0.12141128115395619,-1.0,0.6732352891034775,-9.06438146178006,0.780889553566469,0.0793960460801415
0.0,0.031138767119467836,0.12644887700236002,-0.16862171836788292,-0.6666666666666666,0.6972267446784279,-7.7400699338420385,0.8212588138274619,0.04492374490265272
0.0,0.01056748459979362,0.07016457031672363,-0.19353898996236413,-0.3333333333333333,0.7096345590487332,-6.540867622157492,0.8368825109392505,0.015245657626792752
0.0,2.220446049250313e-16,3.774758283725532e-16,-0.19999999999999962,0.0,0.7148148148148149,-5.464101615137754,0.8309401076758509,4.440892098500626e-16
0.0,0.011862636350632672,-0.09089341947220589,-0.19664677818026396,0.3333333333333333,0.7096614204162008,-4.513271840894178,0.8283004166101904,0.017114166634926598
0.0,0.03532441824036692,-0.20496257563251605,-0.19182351019078575,0.6666666666666666,0.6862018515511764,-3.6966297347948625,0.7983537022043027,0.05096236301766499
0.0,0.054703970593142026,-0.33264773737918396,-0.19009274617452496,1.0,0.638529066345123,-3.022159175458877,0.7442520629677506,0.07892114709166176
0.0,0.060171991390449264,-0.45296428567847685,-0.19137472739643788,1.3333333333333333,0.5724909824659588,-2.488786248619971,0.6763908962365794,0.08680983357941452
0.0,0.05411996547824116,-0.5487237424224573,-0.19360556262897521,1.6666666666666667,0.504170332496784,-2.0803305497759372,0.6084163482033725,0.07807860580854076
0.0,0.04397187717334394,-0.6170260244801156,-0.19549142432213232,2.0,0.4459088529094665,-1.7707285862886806,0.551123248409984,0.06343800913656183
0.0,0.034378361074227204,-0.6637237272936378,-0.19678815974505148,2.3333333333333335,0.40086944642972383,-1.534091741840313,0.5056539024406272,0.049597491035677344
0.0,0.026735372149996994,-0.6956822489872448,-0.19763270867200577,2.6666666666666665,0.3672565887016496,-1.3499827253503718,0.468380036093529,0.03857098881712151
0.0,0.020989336560304883,-0.7180179104426789,-0.19819059305387016,3.0,0.342237257112257,-1.2037963215550314,0.43796765964033113,0.03028121176710119
0.0,0.01673239321238662,-0.7340464302886023,-0.19856913534796633,3.3333333333333335,0.323416635765999,-1.0854192514796615,0.4130049507044253,0.024139740709714363
0.0,0.013570777023956593,-0.7458659205389776,-0.19884466289599734,3.6666666666666665,0.3090268980565705,-0.9878422620660965,0.39227268817439803,0.019578492713471896
0.0,0.01116647364956358,-0.7548038544596314,-0.19903441468715963,4.0,0.2978332564399958,-0.9061532751827915,0.37488058635742977,0.016109816158442758
0.5,0.0866317110510495,0.32706933118929815,0.1444750976282653,-4.0,0.3415528597094436,-23.95853821033521,0.4262413484867965,0.12498313991707466
0.5,0.0862196666808821,0.32163545520455517,0.1406497260592756,-3.6666666666666665,0.35708407276243664,-22.054054187160098,0.4492556945149284,0.12438868554760862
0.5,0.09890650507091969,0.3081191534530193,0.12617084223369573,-3.3333333333333335,0.3879487714510416,-20.169724742217543,0.48564292044392127,0.14269192437747513
0.5,0.10724359395491101,0.29501972389669306,0.11081052553892741,-3.0,0.42112203208559584,-18.311857766925968,0.524508184092612,0.15471980116585948
0.5,0.11473459987316459,0.2798193017450818,0.08992017570520058,-2.6666666666666665,0.4613738144323213,-16.48965865716091,0.568967499632724,0.16552703825539394
0.5,0.11975178390213292,0.26193320683784044,0.06037465034027291,-2.3333333333333335,0.5095075758534207,-14.71603800002425,0.6188647135420418,0.17276530477321428
0.5,0.11953569573521072,0.2403263217450265,0.018024821593362505,-2.0,0.5642137673132461,-13.008743385242525,0.6716391235484515,0.1724535554464004
0.5,0.11088482073094608,0.21358107311640798,-0.03942539375736017,-1.6666666666666667,0.6187927869004317,-11.389501227382073,0.7200591254962456,0.15997298097839785
0.5,0.09344620152423189,0.1811006710171381,-0.1056183453712483,-1.3333333333333333,0.6609305730323765,-9.877692622055218,0.75311961654917,0.1348143715289205
0.5,0.07221807599182761,0.14417367350311294,-0.1646848879487953,-1.0,0.6839028017757051,-8.480161217911311,0.7928896877452801,0.10418866009595185
0.5,0.05197264328667095,0.10376285721408077,-0.2043678060571688,-0.6666666666666666,0.6940609923891328,-7.190288083899936,0.8146476903227541,0.0749806747315711
0.5,0.03305666549256636,0.057581666720643535,-0.2235087959759204,-0.3333333333333333,0.7002385167493228,-5.999498892718401,0.8223296862996318,0.04769068737445048
0.5,0.016687380425838505,-8.881784197001253e-17,-0.22698131698504395,0.0,0.7051275546798773,-4.906662061888686,0.8204839361519943,0.02407480098578496
0.5,0.010343505212719872,-0.07615902917777995,-0.22114332634248549,0.3333333333333333,0.7049621725264481,-3.9195306111289105,0.8226039567942832,0.014922523675799937
0.5,0.020981912360515498,-0.1756021960034504,-0.2123923913211577,0.6666666666666666,0.6913071580640927,-3.0519263427379415,0.8043213784386496,0.030270500910882348
0.5,0.038733593285434464,-0.2937838761732753,-0.205562701327581,1.0,0.6555042819590758,-2.3184366084100905,0.7617035824332122,0.055880762948706586
0.5,0.04977516492099654,-0.4136768603926534,-0.20217215640339906,1.3333333333333333,0.5977249151637002,-1.725844529125513,0.7006272040731749,0.07181038359095204
0.5,0.049749188687566503,-0.5159099614757914,-0.20105225111367284,1.6666666666666667,0.5307619228639295,-1.265306445090009,0.6337249197324395,0.07177290780780199
0.5,0.04311180867717379,-0.5923630154662138,-0.20074456949001052,2.0,0.4691652433978529,-0.9142838484801918,0.5720556386439716,0.062197192582312155
0.5,0.03498061337127778,-0.6459015814032962,-0.20059201968144738,2.3333333333333335,0.4194972587976039,-0.6464591856520984,0.5236631637569775,0.05046635743799621
0.5,0.027777201661385087,-0.6828358351456096,-0.2004487223763077,2.6666666666666665,0.38169921024290826,-0.43927967285980124,0.48377069428260383,0.04007403108665297
0.5,0.022059343186217495,-0.7086325100003771,-0.20031478629168858,3.0,0.3533749054191307,-0.27597021680944844,0.45099009061304385,0.031824905020023664
0.5,0.017696360079829665,-0.7270512973326023,-0.2001997790467624,3.3333333333333335,0.33207147683205407,-0.14471869718120378,0.4240422279068649,0.025530450928955783
0.5,0.014411067432268831,-0.7405072290761747,-0.20010356281671116,3.6666666666666665,0.31586794446980765,-0.037301070227054284,0.4017564320499197,0.020790775518450655
0.5,0.011860105437743185,-0.7506844251742952,-0.20004267990030938,4.0,0.30328492995748846,0.05203613864114337,0.382971568698897,0.017110515299452622
1.0,0.08641523125732031,0.2974019395214838,0.12160129181603996,-4.0,0.34798800377556816,-23.018941118539356,0.44394593729255416,0.12467082559220932
1.0,0.11685749994583228,0.2977101795297992,0.12296100266942234,-3.6666666666666665,0.39820858982193635,-21.16294903286065,0.48678403146273264,0.16858973566253432
1.0,0.12733233376756203,0.28419354840765887,0.10883637178017036,-3.3333333333333335,0.4303168149344665,-19.301737140608857,0.5227977244176023,0.18370172647128014
1.0,0.13757087893218034,0.2690118830341822,0.09018661995190137,-3.0,0.46813413466885684,-17.47341473906701,0.5630956432215115,0.19847282480619244
1.0,0.14588426713046077,0.2520424730959174,0.06462347230269165,-2.6666666666666665,0.5118873786329743,-15.688775793317838,0.6074737861505258,0.21046650873283612
1.0,0.1499654189636439,0.232496978228367,0.027772730359546617,-2.3333333333333335,0.5610492181317353,-13.962558535113894,0.6543261156005845,0.21635436624368465
1.0,0.14685617301101894,0.20905907471282062,-0.02486316879490045,-2.0,0.6114491707676907,-12.31363131889296,0.69859687659246,0.21186867252692831
1.0,0.13549159999823934,0.18087020830806072,-0.09166637208680803,-1.6666666666666667,0.6524802090844055,-10.761012948461907,0.7305978407598017,0.19547305939957083
1.0,0.11993547721226361,0.1493619041228586,-0.15873195496075637,-1.3333333333333333,0.6742750589553776,-9.313695368319454,0.7630289831654312,0.17303031820078374
1.0,0.1051724875036888,0.11698637333054149,-0.20998162221639122,-1.0,0.6805225828218997,-7.964776189957922,0.7831140997701341,0.15173182615952863
1.0,0.0906121466730716,0.08373259751945476,-0.24057829360952132,-0.6666666666666666,0.6820592998685837,-6.700585838908563,0.7914484716948867,0.13072569464954364
1.0,0.07344051815778974,0.046500920518894075,-0.2538531002391179,-0.3333333333333333,0.6852411980510142,-5.512730069289838,0.7952429367320272,0.10595227134655927
1.0,0.053543931188666294,-1.3322676295501878e-16,-0.2545179188201425,0.0,0.6907665655433101,-4.40230342039181,0.7984937759697057,0.07724756399558874
1.0,0.035362419883655294,-0.06250008937448075,-0.24684070823536047,0.3333333333333333,0.6951072838374328,-3.37924836943888,0.8054980875985545,0.05101718779998299
1.0,0.027334513798187965,-0.14701091781607104,-0.23516699628323093,0.6666666666666666,0.6907181574059734,-2.4602085709997046,0.7995080962972689,0.03943536750175669
1.0,0.03309428805666226,-0.2534358227936182,-0.22380666071622296,1.0,0.6677665556974695,-1.6644714638809615,0.7711050675702463,0.047744965261097505
1.0,0.0428970237568953,-0.3699689110671586,-0.21549458119396042,1.3333333333333333,0.6212708452525435,-1.0062230302798414,0.7208321607658159,0.06188732344296888
1.0,0.046530072397146904,-0.47732831450626245,-0.21039331116485344,1.6666666666666667,0.5588070382222486,-0.4851917048020534,0.6583527473920261,0.06712870469956833
1.0,0.043064342373754005,-0.5624453936344862,-0.20732307504147895,2.0,0.49533297097914086,-0.0844606764271323,0.5960138146130608,0.06212871318175894
1.0,0.036402755869482384,-0.6240445273723108,-0.205315981280086,2.3333333333333335,0.4410733372912013,0.2213773234085987,0.5427271114970065,0.05251807536759401
1.0,0.02957882956262292,-0.667101243268584,-0.20390892043015865,2.6666666666666665,0.39856739105839634,0.45674597156074415,0.5003816507537895,0.04267323072529594
1.0,0.023778471881432006,-0.6972101930192512,-0.20289553511179587,3.0,0.3663589537366283,0.6408728669278921,0.46516297087877095,0.03430508346325967
1.0,0.019183632947711526,-0.7186231364695166,-0.20215918156919419,3.3333333333333335,0.3420768159254775,0.7876431438891154,0.43606855581295667,0.027676132119897723
1.0,0.015636107761460405,-0.734192915997565,-0.20162072587706198,3.6666666666666665,0.3236302074800461,0.9068014558501991,0.4119472172233505,0.022558135126264034
1.0,0.012895407513001,-0.7457994376401815,-0.20122665544098864,4.0,0.30940715615600817,1.0051805389703783,0.39174684739599025,0.018604140469248964
1.5,0.13513312611800044,0.2868307140247833,0.11738313759209977,-4.0,0.4107011699501729,-22.16615996458309,0.49106353888889986,0.19495589091026178
1.5,0.14810372380911163,0.27320084009506085,0.10419824773740785,-3.6666666666666665,0.44226884362104785,-20.30470394946517,0.5217366489653459,0.2136685078765943
1.5,0.16078221078515154,0.25823351892240076,0.08717938499474379,-3.3333333333333335,0.47812148445337116,-18.47420472518248,0.5581399108787137,0.2319596981629024
1.5,0.17197942453051107,0.24214643599515062,0.06463503164648957,-3.0,0.518053049584069,-16.683985002372737,0.5971367373080482,0.2481138629051065
1.5,0.17977001214954158,0.22427171354745531,0.03237618655560008,-2.6666666666666665,0.5620159964571263,-14.946410090597993,0.6380189052695158,0.2593533050286916
1.5,0.18172228396517998,0.20308077559366264,-0.015532848810723898,-2.3333333333333335,0.6078153726472685,-13.277944025195303,0.6774036603590232,0.26216983789558057
1.5,0.17672764863841794,0.1772721718905643,-0.08147091081447148,-2.0,0.6468996060452894,-11.69725212392861,0.7068073544231298,0.2549641022786129
1.5,0.1678921950142016,0.1482152866996686,-0.15426276415922077,-1.6666666666666667,0.667180750105274,-10.215916867209753,0.7338316238897358,0.242217237150951
1.5,0.15975811888974611,0.11956950246454397,-0.21457871980435078,-1.3333333333333333,0.6691882702178731,-8.828431438637368,0.7491285446092946,0.2304822458639859
1.5,0.15172422400219143,0.09287046426253331,-0.25388422507540787,-1.0,0.664943872197487,-7.518045441396776,0.7522479967924541,0.21889178555068733
1.5,0.14037035209694615,0.06645591031065715,-0.2749796109573278,-0.6666666666666666,0.6629065887139642,-6.270671620087774,0.753643357691004,0.20251161085810176
1.5,0.12362253865400419,0.036993231163739405,-0.2828880228804631,-0.3333333333333333,0.6655307557263802,-5.080889558500318,0.7570503033209462,0.17834962345823646
1.5,0.10151459533017637,-3.552713678800501e-16,-0.28123718465847825,0.0,0.6722282103619328,-3.9518026185171666,0.765739491077278,0.14645460326069548
1.5,0.07658586647270282,-0.05032242347750082,-0.2725197605085305,0.3333333333333333,0.68025978191565,-2.8940002137688063,0.7772294508251572,0.11049004976235288
1.5,0.05476374930604311,-0.12031102680778254,-0.259218075239145,0.6666666666666666,0.6837995476468549,-1.9246961940478817,0.7827634753618318,0.07900738954431485
1.5,0.04361158178468183,-0.21320138165803676,-0.24450155201485407,1.0,0.6735210362170861,-1.065559215537567,0.7698671267693626,0.06291821276608367
1.5,0.043803146541340654,-0.3229268168499415,-0.23157029903294993,1.3333333333333333,0.64079247583092,-0.33673181074653413,0.7341147983865887,0.06319458229052444
1.5,0.04628955315444139,-0.43289520403004306,-0.2220392760295966,1.6666666666666667,0.5867408843352737,0.25300853395057105,0.6802825427802679,0.06678170878087863
1.5,0.0445141365159325,-0.5264483198979686,-0.215587314484642,2.0,0.5240120867291286,0.7127018832399374,0.6200657070786153,0.0642203240009902
1.5,0.038998545396266016,-0.5972222225615095,-0.21122478087968677,2.3333333333333335,0.465862954372262,1.0647590952806127,0.5635871450052783,0.05626300804507656
1.5,0.03239853839049478,-0.647720059748359,-0.20819914267573916,2.6666666666666665,0.41831450406084425,1.3346919045602263,0.5181108553988324,0.04674121066801762
1.5,0.026343716428406605,-0.6832167614314424,-0.20606233452114137,3.0,0.3815983360180345,1.5442949615351094,0.480504885518528,0.038005949049847665
1.5,0.02134682566170465,-0.7083934916107151,-0.20453781709045718,3.3333333333333335,0.35375644231888526,1.7099187659815003,0.44915100267391156,0.03079695952086281
1.5,0.017416518169159012,-0.7265576927568169,-0.2034413476621931,3.6666666666666665,0.3326553691426886,1.8432109523304063,0.4231034286269558,0.025126724392197985
1.5,0.014317945004072463,-0.7400273738454717,-0.20263626021263303,4.0,0.3164272383265897,1.9523530667712974,0.40124366137993167,0.020656428253096326
2.0,0.1688524157449871,0.25811514571581445,0.08982826573818851,-4.0,0.4568469390728455,-21.315954477511273,0.5269852067985729,0.24360254283741423
2.0,0.18388041497053131,0.2478539510239109,0.08171787700557505,-3.6666666666666665,0.49015733540656037,-19.48944490179803,0.5533900918036044,0.2652833627945905
2.0,0.19727694454304445,0.23279406379026,0.061742890512931206,-3.3333333333333335,0.5265035430807925,-17.697659661562454,0.5872260103044351,0.28461046957397684
2.0,0.20805347096609816,0.21641006854382328,0.033092515152856335,-3.0,0.5657874980815982,-15.954317663804238,0.6224111185306501,0.30015771080252573
2.0,0.2142756046611467,0.19681349254975242,-0.01083060374075826,-2.6666666666666665,0.6070581332944212,-14.273877484800256,0.6567147409963006,0.3091343522281198
2.0,0.2153412311109113,0.17214536398330274,-0.0757913169424585,-2.3333333333333335,0.6436142814572643,-12.674819544018543,0.6825493877723585,0.31067172622263595
2.0,0.2136042398427518,0.1436790344573212,-0.1533850317172763,-2.0,0.6616018163870625,-11.171296646238437,0.7056118428622574,0.30816577753399566
2.0,0.21230637541893116,0.11637049949003316,-0.2210915689877214,-1.6666666666666667,0.6586925221705471,-9.759621517727041,0.7142133136717886,0.30629335496600296
2.0,0.21048593150294637,0.0930027412980871,-0.26662040340377036,-1.3333333333333333,0.6484490048083688,-8.420899342248614,0.7098226885794007,0.3036670095561944
2.0,0.20507389610601856,0.07242547031900556,-0.29271914115153996,-1.0,0.6410248508877807,-7.136998855724246,0.7052667873128976,0.2958590929279321
2.0,0.194218207113507,0.05208080685287908,-0.3054787233158181,-0.6666666666666666,0.6391467731465886,-5.898143681051761,0.7054666770068361,0.2801976442530023
2.0,0.1772544684792834,0.029099624612339482,-0.30911244177811315,-0.3333333333333333,0.6426457728470881,-4.702407321988887,0.7107922052179446,0.2557241426504713
2.0,0.1542226435524272,-1.3988810110276972e-15,-0.3058614334056729,0.0,0.6506076549049021,-3.554151393262201,0.7244788656728229,0.22249624304587323
2.0,0.12619967767391982,-0.039895987263372915,-0.2969012941344418,0.3333333333333333,0.6612798136469417,-2.4635299194725815,0.739553522522817,0.1820676491419495
2.0,0.09645236148301617,-0.09648737460592223,-0.2832856337724873,0.6666666666666666,0.6707933193569167,-1.446717394655277,0.7545456270796164,0.13915134359357717
2.0,0.07128482716855644,-0.17493109035414992,-0.26681470469162477,1.0,0.6716301907314044,-0.5254878046938264,0.7564298519119022,0.1028422666467037
2.0,0.056906565493393346,-0.2744066726304472,-0.25027546620795643,1.3333333333333333,0.6537681401554141,0.2763739599482258,0.7375099547433663,0.08209881983134171
2.0,0.051891244132469705,-0.3832630265350391,-0.23631438775540642,1.6666666666666667,0.6121351806728785,0.9417917937083548,0.6967617540820199,0.07486324057547256
2.0,0.048653163340679484,-0.4838145794283209,-0.22593793881311863,2.0,0.5540676689780681,1.4700909361922387,0.6425832014145351,0.07019167747515898
2.0,0.043292355973288954,-0.5644381511845922,-0.2186448527719303,2.3333333333333335,0.49381667930973394,1.8779090221399417,0.586495635176857,0.062457667271063944
2.0,0.03656173568541066,-0.6237752431233576,-0.2135563448069055,2.6666666666666665,0.44134206987201213,2.1902435683953976,0.5366571098836578,0.05274743475963506
2.0,0.03000363925942162,-0.6659542691404432,-0.20998100957423887,3.0,0.3995679284196859,2.4311878914137393,0.4969669140372663,0.04328610156818913
2.0,0.024395597276767766,-0.695868941113456,-0.2074230885452204,3.3333333333333335,0.3675189332217615,2.6198899393647728,0.46332815351769063,0.035195407210717455
2.0,0.019860682539696306,-0.7173370834133707,-0.2056353156596124,3.6666666666666665,0.34317701238233467,2.770323393332361,0.43521674006844535,0.028652908208690153
2.0,0.016301980520743387,-0.7330572598692302,-0.20432756729122498,4.0,0.3245967514309962,2.8923937807824003,0.4116700220850526,0.023518786453945673
2.5,0.20609086607253047,0.23829028417593756,0.07506756559911495,-4.0,0.5029164303303908,-20.517247794050473,0.5484533563512571,0.2973262704553514
2.5,0.21724747106260778,0.22362837444789588,0.05390756824259542,-3.6666666666666665,0.530308162293716,-18.72233555224607,0.5730825148838214,0.313421849147693
2.5,0.2343596855179093,0.20929816555377206,0.031090562661882787,-3.3333333333333335,0.571209753890178,-16.98188385839653,0.6073440043951059,0.3381095560809855
2.5,0.24414254372993138,0.19075324239175062,-0.00994937134391673,-3.0,0.6083955390608182,-15.295172741607301,0.6367311985890196,0.3522232371091887
2.5,0.2508863287952834,0.1662293587935448,-0.07485532347255128,-2.6666666666666665,0.6421776625023468,-13.685466773355483,0.6583363476770294,0.36195246237979317
2.5,0.2563504275608548,0.1370087664491138,-0.1574439588105136,-2.3333333333333335,0.656699342663124,-12.169460702114856,0.6781550765797288,0.36983549057181087
2.5,0.26161520465972754,0.10971094386080886,-0.23126812434941693,-2.0,0.647637943772228,-10.744785979579756,0.6781814554799749,0.37743095838373986
2.5,0.2649370905918269,0.08818329766885744,-0.28065968560330445,-1.6666666666666667,0.6312947973568834,-9.390206390415168,0.6653920419577501,0.3822234267443796
2.5,0.2640394644941988,0.07112816986323381,-0.3091807753727937,-1.3333333333333333,0.6192214341998865,-8.084525973663906,0.6543932427022207,0.3809284260247576
2.5,0.2579701381409889,0.05599679656511101,-0.32428186851696494,-1.0,0.6135827830361459,-6.815460831203233,0.6499495383878261,0.37217223899344587
2.5,0.24650799062763418,0.040573529500810904,-0.33090959600045217,-0.6666666666666666,0.6136151905985427,-5.578353084102002,0.65228615225404,0.35563585561799105
2.5,0.22950738450411312,0.022759129539716948,-0.33161544565401246,-0.3333333333333333,0.6184266857667959,-4.37378640221114,0.6615928638308323,0.33110916547148017
2.5,0.20677253160528042,1.9761969838327787e-15,-0.32751155528972975,0.0,0.6273651407748876,-3.2065315878113556,0.6779410200175436,0.2983097059389941
2.5,0.17837288625472136,-0.03130407148644978,-0.3189502855948501,0.3333333333333333,0.6395609342906248,-2.0856608494593556,0.6963013105281505,0.2573376784287382
2.5,0.14550934788753023,-0.0761764435801698,-0.3060757730659069,0.6666666666666666,0.6528618089457877,-1.025381956397295,0.716989922138295,0.20992561460032677
2.5,0.11189502432116294,-0.14035912796640773,-0.2894938242787811,1.0,0.6621244663172806,-0.04579247697974,0.7310017620740644,0.16143039668829173
2.5,0.08402167505519542,-0.2268703108327169,-0.2709634176190934,1.3333333333333333,0.6582208247292071,0.8283689824098328,0.7288619006804352,0.12121765392931438
2.5,0.0667346509889486,-0.3300900395896405,-0.253275898374209,1.6666666666666667,0.6319346914502743,1.5738874550490627,0.7046392059048229,0.09627775003721206
2.5,0.057413915300319474,-0.434605561840787,-0.23874419100859195,2.0,0.5833592603858946,2.17976171444366,0.6611432833652254,0.08283077088178992
2.5,0.05012118994381898,-0.5247971187065905,-0.2279530767442827,2.3333333333333335,0.524274331530914,2.6538397075627973,0.6087530993064822,0.07230959217540134
2.5,0.0425072341576076,-0.5942108197910507,-0.2202756681369936,2.6666666666666665,0.4678577521445968,3.0179755176157754,0.5574197357338294,0.0613249759210861
2.5,0.035063122079082465,-0.6445516817997909,-0.21486450579533162,3.0,0.42074714310690275,3.297586319553244,0.5143494757183643,0.05058539234157644
2.5,0.028533890222162128,-0.6803945438870069,-0.21104084039952475,3.3333333333333335,0.3838499856550729,3.514718339438457,0.47865679141167894,0.041165701920783615
2.5,0.023178831544049094,-0.7060467756232138,-0.2083184670191077,3.6666666666666665,0.35562679684899495,3.6861235110120183,0.448393862679854,0.03343998532220027
2.5,0.018935150240758425,-0.7246715369526257,-0.2063612004405206,4.0,0.3341184936279244,3.823848223922706,0.4229389773156544,0.02731764735082942
3.0,0.20355477460111904,0.2133084705894802,0.04219774724728285,-4.0,0.5046467476011387,-19.751237100728815,0.556355698167164,0.29366746386630505
3.0,0.2586473427000111,0.20296322829544938,0.027232726438590427,-3.6666666666666665,0.5773525241581422,-18.025820427752212,0.5925982400916727,0.3731492386524149
3.0,0.2714201870897812,0.1850034066571535,-0.01217757700521016,-3.3333333333333335,0.6111781054577952,-16.337252953480608,0.6175936168441137,0.39157655791158197
3.0,0.2836987649084606,0.15962672569163736,-0.07881831010070825,-3.0,0.642136778682644,-14.723331447721055,0.6343626143580954,0.40929080123975936
3.0,0.29632486051310103,0.12857468228263447,-0.16740735821087233,-2.6666666666666665,0.6515042189282253,-13.203387554058184,0.6507814612774562,0.4275064067543646
3.0,0.3073090260131208,0.10073211005841846,-0.24592146278038216,-2.3333333333333335,0.6347120105271097,-11.775043951831318,0.640306143045957,0.443353207849547
3.0,0.31423900966257423,0.08059486808659773,-0.2965953405278591,-2.0,0.6125511629563463,-10.413743535842432,0.6191989823683789,0.4533510608940552
3.0,0.3161550956862855,0.066096060107205,-0.32522385095085815,-1.6666666666666667,0.5970261272092591,-9.09595294518804,0.6027569414395875,0.45611538869837975
3.0,0.31319452146058224,0.05434769545139036,-0.3407031509471225,-1.3333333333333333,0.5889149278613278,-7.808323364761838,0.5944219801212348,0.45184418294477435
3.0,0.30570564714333215,0.043349512551811145,-0.34845100119146233,-1.0,0.5865500282258012,-6.545107272764284,0.5935437632363972,0.44104002110543616
3.0,0.29381540719168564,0.031641420574037425,-0.3511969874997479,-0.6666666666666666,0.5886442515169763,-5.305082515713627,0.5988976786731753,0.4238860308922163
3.0,0.2773490459114831,0.017800271039909443,-0.35018528655849196,-0.3333333333333333,0.5945377723826676,-4.090082320502119,0.6117738907872805,0.40013009313178216
3.0,0.25588270691730397,3.3528735343679727e-15,-0.34583623495247295,0.0,0.6039642972729486,-2.9046681580459714,0.6294745610649267,0.36916071231883807
3.0,0.22892100401400994,-0.024448457874812802,-0.3380778355763382,0.3333333333333333,0.6166806749914955,-1.7565617722468534,0.6501825256393584,0.33026319724633435
3.0,0.19637619897506675,-0.05955708174686132,-0.3265894614472426,0.6666666666666666,0.6317766647529547,-0.6576636162680092,0.6733407474215058,0.2833109684099533
3.0,0.15963367966802555,-0.1106933105095699,-0.3111821423244119,1.0,0.6463215630251694,0.37464602409962827,0.6957143646414203,0.2303027180159174
3.0,0.12298015154786479,-0.18290063871502243,-0.2924715445002361,1.3333333333333333,0.6535431478632211,1.3170497119467668,0.7077827342129659,0.1774228547658776
3.0,0.09303703764663385,-0.276064060476893,-0.2725024419341061,1.6666666666666667,0.6432174896299433,2.143365900597868,0.7011865674876628,0.1342240728317985
3.0,0.07337783766175487,-0.3799236854127971,-0.2541961256025054,2.0,0.6087216397008084,2.8335755453055578,0.672671974222228,0.10586184250576958
3.0,0.0608424966489447,-0.47782324394713793,-0.2395300451162239,2.3333333333333335,0.5555990300236789,3.3844575208289807,0.6283482516572778,0.087777168190736
3.0,0.05088017876191553,-0.557940173148159,-0.2287062568556797,2.6666666666666665,0.4976133696954884,3.8111907188038145,0.5789095933095121,0.07340458157935936
3.0,0.04191196426338495,-0.6179623367188286,-0.22097992615378512,3.0,0.44551474801031554,4.138455138488838,0.5322702444827901,0.060466182996701257
3.0,0.03407141040886552,-0.6611968053654745,-0.2155082785076444,3.3333333333333335,0.40323622292661554,4.390778894693283,0.4949238569914275,0.04915465483296311
3.0,0.027583403281175478,-0.6921130878304769,-0.21162175678579703,3.6666666666666665,0.3704547298233737,4.588024950472365,0.46264840140609176,0.03979443912459191
3.0,0.02239805135824713,-0.7144321917238006,-0.20883981170521979,4.0,0.3453986913357225,4.7448688387535585,0.4352238268495733,0.032313557620119226
3.5,0.28081724265778085,0.197528307754695,0.022110494362681688,-4.0,0.5839670443735276,-19.083792997477698,0.5786675421987368,0.40513364337849334
3.5,0.29654599098021506,0.17938048816552193,-0.01713988088628739,-3.6666666666666665,0.614965603257916,-17.396829763448093,0.5993179419701534,0.42782543058265965
3.5,0.3145772152110333,0.15203102473378288,-0.08811841590590191,-3.3333333333333335,0.6429486504646211,-15.78445157791079,0.6110435922072368,0.45383898836161807
3.5,0.33407629266782,0.11832918690666834,-0.18398794030694385,-3.0,0.6446618456842237,-14.26855769476141,0.6222251009725943,0.48197021071043356
3.5,0.349194190607917,0.0901361822815712,-0.2649453069357547,-2.6666666666666665,0.6187801966768235,-12.844431385956804,0.5998047611432077,0.5037807270972774
3.5,0.3579101279241541,0.07160854961861274,-0.3140207930901254,-2.3333333333333335,0.5919455910672291,-11.482981246912704,0.5716321561355268,0.5163551666401114
3.5,0.3610871460810716,0.05934442026037521,-0.3407808696755884,-2.0,0.5745712581769984,-10.159344169918294,0.5516020692545053,0.520938634979911
3.5,0.35982430340278326,0.05008709881730174,-0.35526205376011016,-1.6666666666666667,0.5653356678491657,-8.860361850253527,0.5408831088994955,0.5191167381105215
3.5,0.3548569062225848,0.04196153926192499,-0.3629268822297468,-1.3333333333333333,0.5617089753979391,-7.580267542771196,0.53775711215654,0.5119502988325233
3.5,0.3465156643876861,0.033838503516962784,-0.366420217815933,-1.0,0.5620856571624563,-6.317195285433136,0.5406457961318987,0.49991643060245883
3.5,0.3347939925742731,0.024832923045328182,-0.36698431954380883,-0.6666666666666666,0.5656631730127051,-5.071586135889928,0.5493448346431524,0.48300563280632014
3.5,0.3194059942698435,0.013987606545803843,-0.36513105547197344,-0.3333333333333333,0.5721525254506463,-3.8456526375623836,0.5636397589615095,0.460805443963312
3.5,0.2998176147460765,7.625455822335425e-13,-0.3609356881552146,0.0,0.5815707592493589,-2.6434338728005775,0.5818249309589342,0.43254538596532255
3.5,0.2753008018764391,-0.019105930536835493,-0.35415608748950234,0.3333333333333333,0.594040055484346,-1.4712978899234688,0.6033602651693264,0.3971751016198941
3.5,0.2451286780107218,-0.04639693229393811,-0.34430429771453674,0.6666666666666666,0.609411582347364,-0.33889961446700095,0.6270658021665892,0.3536459281457356
3.5,0.209169362187535,-0.08637797946877339,-0.3308003859599341,1.0,0.6263944371957544,0.7394285980851922,0.6539761468012333,0.30176760153386395
3.5,0.1691768694492819,-0.14453514233073447,-0.31340308511924675,1.3333333333333333,0.6408774800825725,1.7433295342991857,0.676053549147268,0.24407063058759837
3.5,0.13016804495591483,-0.22446319646638274,-0.29300086108796924,1.6666666666666667,0.6443403622670736,2.646907259643645,0.6852189477995626,0.18779279294010998
3.5,0.09878522977117377,-0.32220008981238407,-0.2720895678282692,2.0,0.6265289513001747,3.424334255703435,0.6740785024104632,0.1425169611039494
3.5,0.07740779327466085,-0.4239369357335837,-0.2536495001240489,2.3333333333333335,0.5849175727899989,4.0610415082543385,0.6424918781750396,0.11167583948351156
3.5,0.06269179107942668,-0.5140959050248994,-0.2392212710841263,2.6666666666666665,0.5295196573558612,4.561900525342199,0.598759267412747,0.09044513609473581
3.5,0.05108865434770049,-0.5850218487477713,-0.22864794016909135,3.0,0.4739373138001281,4.947484630867967,0.552740917288169,0.07370534827311825
3.5,0.04135920011462901,-0.6372666381166429,-0.22109198207826308,3.3333333333333335,0.42616893808711576,5.243431693391878,0.5118339966292234,0.059668712900509124
3.5,0.03333395635195391,-0.6748223737141447,-0.2157204229683313,3.6666666666666665,0.38815907477796036,5.472713281247773,0.47787574241754693,0.04809073352217297
3.5,0.026908586740827856,-0.7018168189188049,-0.21188887565210193,4.0,0.3588742333559124,5.653103252815667,0.4485284137686708,0.038820884648322895
4.0,0.32015687085938516,0.17351259941199298,-0.0249207213425368,-4.0,0.6195231175015576,-18.47165916463379,0.5818244983176628,0.4618887298953629
4.0,0.34456973404182123,0.14287230064125944,-0.10365513780070867,-3.6666666666666665,0.6437804275937904,-16.86651204291786,0.5940882628872743,0.4971090465425645
4.0,0.3699982993348001,0.10617683183394026,-0.20743695585997518,-3.3333333333333335,0.6343516447958242,-15.362413632673949,0.5906921462843501,0.533794711587666
4.0,0.3869263522070383,0.07860197928460025,-0.287245857490442,-3.0,0.5992609757735291,-13.94876695093225,0.5563495027543535,0.5582167295183509
4.0,0.3956730420414758,0.06223195482475119,-0.331882472471431,-2.6666666666666665,0.5699637147067287,-12.591397500799227,0.5236138813067457,0.5708355355666876
4.0,0.39895497368716115,0.05210961139258159,-0.3553476716618049,-2.3333333333333335,0.5525045267965406,-11.265692024580316,0.5022030510348634,0.5755703620764545
4.0,0.39843103150405557,0.044840391109072605,-0.368012865131338,-2.0,0.543315302753772,-9.959750529464307,0.49065700781183785,0.574814473287176
4.0,0.39496573762284126,0.03873625976640893,-0.3749451166535437,-1.6666666666666667,0.5393123125931276,-8.6684311342927,0.48639419644793364,0.5698151109895249
4.0,0.3889606739991365,0.03289979900753082,-0.378469477706117,-1.3333333333333333,0.5387908718792311,-7.389834919146007,0.4876158293419645,0.5611516354793831
4.0,0.3805016149088807,0.026729502338333443,-0.3797067514343871,-1.0,0.5408980250941682,-6.123818192378838,0.49340192485237544,0.5489477928792845
4.0,0.3694517642132904,0.01967573091484196,-0.3791647809189318,-0.6666666666666666,0.5452828013654158,-4.871438450893448,0.5043787080360822,0.5330062280781922
4.0,0.3554747153132467,0.011078308642907686,-0.37701225207334116,-0.3333333333333333,0.5519030983204586,-3.6348479266723834,0.5188811056608458,0.512841608943837
4.0,0.33802850422061703,6.109202033144357e-12,-0.3731807918406405,0.0,0.5609272997192732,-2.4174730048142075,0.5368226236190765,0.48767204671819764
4.0,0.3163513937318809,-0.015001957375282182,-0.3673918112030693,0.3333333333333333,0.5726498824186376,-1.2244682154131636,0.5580785405551916,0.45639858691529644
4.0,0.28949975332896116,-0.03620885786589181,-0.35915009909095835,0.6666666666666666,0.5873169238534717,-0.06351595799733185,0.5821992809345682,0.4176598584662701
4.0,0.25658969078976734,-0.06715109731078535,-0.34776836780449927,1.0,0.604647862762919,1.0539357891970018,0.6094047353259295,0.37018067444562996
4.0,0.21756759332906217,-0.1127751994446925,-0.3325566866240749,1.3333333333333333,0.6226779064157382,2.1110857912647316,0.6370579033197239,0.313883687953985
4.0,0.174768132319576,-0.17828260227585682,-0.3133978884991816,1.6666666666666667,0.6357915143806672,3.084717843584094,0.6578452094148716,0.2521371178028784
4.0,0.1340509492498938,-0.2650029289733943,-0.2916531610788319,2.0,0.6339634110055778,3.9472752997888207,0.6633858507203082,0.19339463970927984
4.0,0.10186630713324907,-0.364956174675365,-0.27028818784075775,2.3333333333333335,0.6083453371360062,4.67527799148649,0.6480093704843487,0.14696201613481108
4.0,0.07943522337649678,-0.4624743012834093,-0.25213962355815384,2.6666666666666665,0.5612356982330704,5.261122000892951,0.6145669751775038,0.11460080283717922
4.0,0.06339275111170539,-0.5446208894774048,-0.23822484330170948,3.0,0.5054169744666451,5.716974076484973,0.5723357792334263,0.09145640765716623
4.0,0.05087147364849298,-0.6074324217487144,-0.22808529121025392,3.3333333333333335,0.45294016440749907,6.066800052697018,0.5297861962478794,0.07339202275539458
4.0,0.04077283207674687,-0.6532351998407415,-0.2208306227465648,3.6666666666666665,0.4092891700544296,6.33593430726016,0.4938504227075222,0.05882276264012054
4.0,0.032712455456704204,-0.6861834910721887,-0.2156512371038306,4.0,0.3750311170756402,6.5455242233460895,0.4627935127340113,0.047194097262688306
4.5,0.3748118194697385,0.13135627592437346,-0.12694687959852366,-4.0,0.6431097573350847,-17.96873708814361,0.5759032592103136,0.540739153215561
4.5,0.4038800900425763,0.09234143572761404,-0.23696208776197986,-3.6666666666666665,0.6186649159254437,-16.483794056230614,0.5543702066682484,0.5826758030182124
4.5,0.4200096107996767,0.06693654246482388,-0.3108822178222009,-3.3333333333333335,0.576608589729106,-15.084733529583119,0.5105731611728601,0.6059457826263968
4.5,0.42752415686767686,0.053231588298822505,-0.34892104671050467,-3.0,0.5477042631218103,-13.733514885119948,0.4765493115315887,0.6167869809732323
4.5,0.43024616243303915,0.045148347067478764,-0.3684042635915139,-2.6666666666666665,0.5316641384270043,-12.407710697127431,0.45577386547235754,0.6207140049036526
4.5,0.4299198681456551,0.03950116995148765,-0.37894922463658365,-2.3333333333333335,0.5233347425434459,-11.097394550482468,0.44462348750763203,0.620243261753374
4.5,0.4273383724370212,0.034886353791973065,-0.3848611744919668,-2.0,0.5195406974400585,-9.79834901523925,0.44010359125880905,0.6165189506964506
4.5,0.4228676345612141,0.0305995555990775,-0.3880732879163797,-1.6666666666666667,0.5186639541682231,-8.508919645688284,0.44038704378493243,0.6100690393339097
4.5,0.4166191716364225,0.026214333500506327,-0.3895155608600341,-1.3333333333333333,0.5199051390667445,-7.22876839694948,0.4444329421257971,0.6010544128591344
4.5,0.4085420871541736,0.02138919289658745,-0.38962192665812434,-1.0,0.5229116512021563,-5.9583939241653905,0.4527213055347233,0.5894016431317533
4.5,0.3984446159340107,0.015760671040468056,-0.3885859790629421,-0.6666666666666666,0.5275823946577421,-4.698985952386719,0.4640319895228066,0.5748340714769054
4.5,0.3859968112180068,0.008858561104004159,-0.3864301765172466,-0.3333333333333333,0.533998498068332,-3.4524647104380093,0.4782437971960816,0.5568756853431718
4.5,0.3707040895150959,-1.4456649211069816e-10,-0.3830419587673099,0.0,0.5423864218595913,-2.221671826477599,0.4954374980432,0.5348129515806872
4.5,0.3518686697379325,-0.01186879886984633,-0.3781631291736166,0.3333333333333333,0.5530957356357056,-1.0107406046069076,0.5157160229248746,0.5076391848751114
4.5,0.32855566139504977,-0.02842091879130797,-0.37135922261119336,0.6666666666666666,0.5665345092213864,0.17427673353190284,0.5390500916077514,0.474005623350632
4.5,0.29963888250590953,-0.05231029358417185,-0.3619860509185644,1.0,0.5829442974084362,1.3244071599959815,0.5649664162659478,0.4322875298487867
4.5,0.26413163454333266,-0.08755107752074107,-0.3492263910729543,1.3333333333333333,0.6017398116456854,2.42629607708947,0.5945929665129525,0.381061399297562
4.5,0.22220494732895046,-0.1393776348250498,-0.3323767772506089,1.6666666666666667,0.6199992051864319,3.4605564154924187,0.6221704909337434,0.32057397557247036
4.5,0.17701054143975914,-0.2121599216285046,-0.3116152401508047,2.0,0.6304031118539868,4.4013909915015645,0.6408082174088578,0.25537223032021084
4.5,0.13526132608906272,-0.3042547886336549,-0.2889136243292696,2.3333333333333335,0.6220837649412343,5.2208507843566565,0.6423168917054201,0.19514084437275558
4.5,0.10289045914389394,-0.40413554804593926,-0.267572774056937,2.6666666666666665,0.5890541461404656,5.899721640368217,0.6233085952866627,0.14843955516168394
4.5,0.07999392167432595,-0.4960732261945669,-0.250048038925306,3.0,0.5382226694462136,6.437960327036261,0.5890571114031529,0.11540683410080987
4.5,0.06327267441683437,-0.5704634321021235,-0.2368233457986582,3.3333333333333335,0.4833481697982567,6.853585744160525,0.5488256891263867,0.09128317360494931
4.5,0.05032735093868479,-0.6262207321671676,-0.22722144465448765,3.6666666666666665,0.4342823862362654,7.172256113211866,0.5100948898500461,0.07260701962031924
4.5,0.040121858793618737,-0.6666549477319913,-0.22033797260736412,4.0,0.3944450866356245,7.418240389240529,0.47787427530743065,0.05788360671280124
5.0,0.4347778004361318,0.07762957285635486,-0.270183979581173,-4.0,0.5967017046992007,-17.632144542593416,0.5125058679119857,0.6272517765778187
5.0,0.44807449056042903,0.05597242188414544,-0.33362808674067035,-3.6666666666666665,0.5523999106657315,-16.249161960630513,0.46416051952609605,0.6464348454803801
5.0,0.4537495579471942,0.04512751383714566,-0.36420883264719595,-3.3333333333333335,0.5264412603334889,-14.904417755490876,0.4319806780126695,0.654622237055976
5.0,0.4568869068789272,0.03885510288993639,-0.37619048318632275,-3.0,0.5139686550221482,-13.579138188809823,0.4135693157832476,0.6591484748013259
5.0,0.45536041692583296,0.03452649660221254,-0.388105845380012,-2.6666666666666665,0.5057106922009247,-12.26605525556397,0.403241342621744,0.6569462153160299
5.0,0.45331757862935285,0.031028559097124254,-0.39296761452356976,-2.3333333333333335,0.5024260400907765,-10.961476033766923,0.39901546490975887,0.6539990226363601
5.0,0.4498854485853643,0.02783077897570827,-0.3957202463899932,-2.0,0.501515764743924,-9.664223913150384,0.3988775852066075,0.6490475056422116
5.0,0.44515827091238314,0.024631492636758033,-0.39713521119322576,-1.6666666666666667,0.5022743025264134,-8.373940531082726,0.4018774410562449,0.6422276298560008
5.0,0.4391174361912873,0.02120465627848429,-0.3975694019035285,-1.3333333333333333,0.5043841454115283,-7.090857287083432,0.4082176771184103,0.6335125475610459
5.0,0.4316746576526971,0.017334608149964903,-0.39714343670649666,-1.0,0.5077466584492217,-5.815659510807642,0.41707685456299304,0.6227748878729873
5.0,0.42262655481398625,0.012766739795869796,-0.39593769402974643,-0.6666666666666666,0.5123702362833095,-4.549476220454532,0.4282631393433492,0.6097212347781258
5.0,0.41167637052414396,0.007156595852993819,-0.3939219312866154,-0.3333333333333333,0.5183824408643342,-3.2939549399531947,0.44185196607097477,0.5939234582063491
5.0,0.3983988463802597,3.322947694783807e-10,-0.39097937217286394,0.0,0.5260169154390717,-2.051427500306714,0.4580048372284039,0.5747680399686841
5.0,0.38219477373192023,-0.009476429243186368,-0.3868922061981788,0.3333333333333333,0.5356163496792439,-0.82519821098715,0.47693246107148823,0.5513905047167209
5.0,0.36223560383222586,-0.022493981706923117,-0.3813040409462463,0.6666666666666666,0.5476226328822638,0.3799802328812466,0.4988194355417836,0.5225955092821719
5.0,0.337421899522373,-0.041003400012894486,-0.373671053009549,1.0,0.5624912675662823,1.5571373776701718,0.5236484201134776,0.48679690112826224
5.0,0.3064575613180318,-0.06806985397336955,-0.3632275631227019,1.3333333333333333,0.5803700569249087,2.695890411246074,0.551838390973183,0.44212480395645004
5.0,0.26831971028658885,-0.10816475477360317,-0.3490686467470051,1.6666666666666667,0.6001902968008321,3.7807968304770214,0.5820876683848673,0.3871035154032252
5.0,0.22359750382192067,-0.16655304563026885,-0.3305860217192172,2.0,0.6177925406787289,4.789824434563888,0.6088865774551114,0.32258300991903566
5.0,0.17649215075620384,-0.24613546549316193,-0.308428188424415,2.3333333333333335,0.6241564182584851,5.6951390892261164,0.6246770910708465,0.25462435065180244
5.0,0.13441662653863373,-0.34187348642036625,-0.28521228722055303,2.6666666666666665,0.6086119441668348,6.469942614966048,0.6220627169451692,0.19392220052031028
5.0,0.10240069653141703,-0.43970903646979265,-0.26431958779831927,3.0,0.5691265186455275,7.100831865055651,0.600175336425784,0.1477329770694511
5.0,0.07950607297027146,-0.525343859418746,-0.24764492357346662,3.3333333333333335,0.5162425512854428,7.595059294803603,0.5659190535149977,0.1147030171947665
5.0,0.06257115524330792,-0.592509029286964,-0.2352050108729286,3.6666666666666665,0.463237775246984,7.9748441499459455,0.5278977939291005,0.09027109537221367
5.0,0.049535220361335286,-0.6421680426677816,-0.22618833651132403,4.0,0.41764570278209306,8.266255751645836,0.4934019924778843,0.07146421676464065
5.5,0.4711319480736422,0.046332844784296515,-0.35379827158527755,-4.0,0.5287115867477216,-17.438667028088528,0.41928818720627437,0.6796997250902006
5.5,0.4751745905072504,0.03814260910018954,-0.37680451274594545,-3.6666666666666665,0.5072946077840614,-16.099606828941962,0.39103865736095345,0.6855320252812533
5.5,0.4763332422811477,0.033399010657300734,-0.3889447027044627,-3.3333333333333335,0.4961921623194555,-14.775245183982221,0.3750429381656297,0.6872036064495735
5.5,0.47614818836816863,0.03013087368801446,-0.39473848307030746,-3.0,0.4908655096530669,-13.45989338043532,0.36667342720979845,0.6869366300870214
5.5,0.4742091372620434,0.027447737620071133,-0.3993751872023319,-2.6666666666666665,0.4879004750672572,-12.151190484092082,0.36291769140557456,0.684139170672184
5.5,0.47142331548425154,0.025035975555878796,-0.4018710233495447,-2.3333333333333335,0.48702973019454354,-10.848106291984113,0.36266192444257167,0.6801200794085633
5.5,0.4677827339030156,0.022652147704595116,-0.40313332788912765,-2.0,0.48753962922709293,-9.550335573876083,0.3649830452622467,0.6748678304153626
5.5,0.4631637984885837,0.020148788339820745,-0.40370183944531873,-1.6666666666666667,0.4890755355704594,-8.257984106837775,0.3700099903257171,0.6682041151987743
5.5,0.4575564617304748,0.017385662357503783,-0.4036200933545337,-1.3333333333333333,0.49155491035753907,-6.971464304578543,0.37705519313765556,0.6601144382652571
5.5,0.45084437434469415,0.014216569182606054,-0.4029547019686507,-1.0,0.49496142364825924,-5.69147133695513,0.3859335059663658,0.6504309430797779
5.5,0.4428280909705953,0.010454538166559724,-0.40174450548941776,-0.6666666666666666,0.4993496973841213,-4.419009320072,0.39670571795456044,0.6388658908096052
5.5,0.4332622400786168,0.005841328332029794,-0.3999244000268967,-0.3333333333333333,0.5048625960456766,-3.155467018195045,0.4094859731394938,0.6250652851658649
5.5,0.4217908172076361,-6.640477057118233e-11,-0.39739285238065153,0.0,0.511715279305224,-1.902751202196413,0.4244657675295158,0.6085155202779595
5.5,0.4079175630345182,-0.007641427640837662,-0.39397318975015844,0.3333333333333333,0.5202162396702041,-0.6635062975997729,0.4418929927703801,0.5885006452814103
5.5,0.3909481099850527,-0.017976079426402912,-0.3893819841524492,0.6666666666666666,0.5307800371366126,0.5585303996902141,0.4620430997659974,0.5640188995203483
5.5,0.3699204994246541,-0.03242453813664472,-0.38318463508465755,1.0,0.543908786714907,1.7579545131939651,0.4851326833420118,0.5336824700431171
5.5,0.3435648289035911,-0.05325132426621022,-0.3747357794008722,1.3333333333333333,0.5600640159742387,2.9267772565224517,0.5111056432591135,0.4956592748830766
5.5,0.3104309532595253,-0.08395405301729064,-0.3631609489683261,1.6666666666666667,0.5792060697285979,4.053036404829056,0.5410377139396644,0.4478571968059506
5.5,0.2695612857075873,-0.1293829744120758,-0.3475208193930328,2.0,0.599576801564742,5.119023121640167,0.5714393759801745,0.3888947301059891
5.5,0.2222076222437237,-0.19447014485979047,-0.3274391664658519,2.3333333333333335,0.6155314138908841,6.100135704726691,0.5968205251477751,0.320577834658748
5.5,0.17378982111493912,-0.2800032646902835,-0.3041841760494133,2.6666666666666665,0.6166328498507045,6.967349568531217,0.6092486221517862,0.2507257130795031
5.5,0.13207473334492414,-0.3775358274214473,-0.2809187366120181,3.0,0.5936664835263971,7.69666510938118,0.6026891892672165,0.19054356282345442
5.5,0.10083935442755121,-0.47179527151360173,-0.260806769449528,3.3333333333333335,0.5490225532615155,8.281448644202047,0.578692159505675,0.14548043655907295
5.5,0.07828814342730461,-0.5508858535778206,-0.24511155761000653,3.6666666666666665,0.49550399705539255,8.73534785085088,0.5449944833569762,0.11294591628297646
5.5,0.06146192727107791,-0.6114686862708745,-0.23349175121167484,4.0,0.4449474307748547,9.08322319884896,0.5092136200626705,0.08867081767746221
6.0,0.49233200980075353,0.032306916338496715,-0.3873516611086561,-4.0,0.49063803834524966,-17.315076461032795,0.35441597888922793,0.7102849490104433
6.0,0.49402862693090577,0.02879297713153144,-0.3932558011665236,-3.6666666666666665,0.48319295391443545,-15.991168940201254,0.3415083992632654,0.7127326501304019
6.0,0.4924691732998199,0.026289433382466587,-0.4013664231439641,-3.3333333333333335,0.47775732804220006,-14.67423884405663,0.33438441227411075,0.7104828341103375
6.0,0.4909202753601891,0.02426965110395951,-0.4046262760651137,-3.0,0.4756306581178123,-13.362308590589283,0.3314684832924478,0.7082482467339895
6.0,0.4885729570338182,0.022414425391490366,-0.4070536178517978,-2.6666666666666665,0.4747843541831565,-12.05476015259786,0.33116159446652227,0.7048617822251457
6.0,0.4858851154864985,0.02059879663762252,-0.40770448171992923,-2.3333333333333335,0.475331588709655,-10.751301642252885,0.3330680910332212,0.7009840465541326
6.0,0.48171198433677165,0.01873887794107041,-0.4092356974406922,-2.0,0.47620399542749486,-9.45195101856396,0.33754095696488706,0.694963490939442
6.0,0.47792914712818724,0.01670588447874304,-0.4085767257631613,-1.6666666666666667,0.47830837563969125,-8.15712271089267,0.3428734085575708,0.689506010458127
6.0,0.4728372483251502,0.014424855222499255,-0.4082455916573496,-1.3333333333333333,0.4808740246693638,-6.867097985921026,0.35003875629837106,0.682159953306277
6.0,0.4668358384898099,0.011787344040602044,-0.40752959740827127,-1.0,0.4841442252574029,-5.582573864662416,0.3586780832214974,0.6735017490984889
6.0,0.45977509293369345,0.008649267718681197,-0.4063903868505646,-0.6666666666666666,0.48820789036097006,-4.304419390981461,0.3688779025069263,0.6633152464997014
6.0,0.4514440292562478,0.004815338958934245,-0.4047782793845605,-0.3333333333333333,0.49319413924766453,-3.0337967519589766,0.38077206277708975,0.6512960622469208
6.0,0.4415489904710539,1.3355476102816511e-8,-0.4026104173371666,0.0,0.49929100969761225,-1.7722661117329332,0.3945530128249826,0.6370205388621177
6.0,0.42968921775446645,-0.006223731026374657,-0.39974100283648306,0.3333333333333333,0.5067658966248032,-0.5219515565454848,0.4104686511648342,0.619910503577827
6.0,0.4152952349674217,-0.014512912883290773,-0.39595553807924155,0.6666666666666666,0.5159797842915592,0.714195441803759,0.42881948216666066,0.5991443759923163
6.0,0.39757168003064103,-0.02590137414138973,-0.3909124847529847,1.0,0.5274044046253735,1.9319733165299797,0.44991662887255546,0.5735746911780999
6.0,0.37541299846417453,-0.042037068554499915,-0.3840962464916809,1.3333333333333333,0.5415856674514764,3.125249121039865,0.4739797119993274,0.541606471169521
6.0,0.34737104712088507,-0.06552961235945028,-0.37476037026607256,1.6666666666666667,0.5589480991843907,4.284880761748564,0.5013989447057099,0.5011504870297072
6.0,0.3118748853818596,-0.10031020577622778,-0.36194058947118124,2.0,0.5791484089939906,5.3971402170811285,0.5321476389160457,0.4499403505182231
6.0,0.2681826789470583,-0.15146569216346872,-0.3447419212148394,2.3333333333333335,0.5995056569182056,6.441919143536477,0.5622608590911746,0.386905820969238
6.0,0.21848568648868327,-0.2231367105512286,-0.3231770732330549,2.6666666666666665,0.6127307999141475,7.392312207553472,0.5856451097505124,0.3152082164024441
6.0,0.16945445324881958,-0.31345684224131476,-0.299211949419643,3.0,0.6075765377206153,8.219230136691362,0.5943900249049026,0.24447109935862255
6.0,0.1287037523830279,-0.4110000807737558,-0.27633077471297335,3.3333333333333335,0.5775128457845735,8.903012458162095,0.5842578017781809,0.1856802653067957
6.0,0.09854545608378995,-0.5006146446137102,-0.2572262873730201,3.6666666666666665,0.5291348849798251,9.444093136283751,0.5588493793798833,0.14217104079422516
6.0,0.07657111612949907,-0.5732440223621764,-0.24256424895425338,4.0,0.47610084808358233,9.861259179620358,0.5260730224780739,0.11046876951536122
