U,V,magnetization,charge_density,doublons
-6.0,-4.0,"2.6069495087828465e-8, -6.8343821713057196e-9, -1.1113747699909027e-9, -7.634151477642348e-9, -1.066173186195507e-9, -9.31165822249671e-9, -4.025910800782887e-10, -2.6404146404035433e-10, -3.4725888831133034e-10, 9.269020551094798e-10, 1.252653542005433e-8, 5.49565065677271e-9, -1.7521922322794037e-8, -5.250297161954595e-10","0.01972619027142162, 1.952113898368016, 1.9995015169033814, 1.9799794229922831, 0.04827785749471622, 0.00045793788991283, 0.00010897725075321727, 0.02021593358177123, 1.9713075630773775, 1.999796231257411, 1.9998928521039603, 1.9797936818183888, 0.028637848098040306, 0.00019008889256718","0.00015327251545985723, 0.9662560141711438, 0.9995034465153136, 0.9801405315961339, 0.014147765558406172, 3.3433547579114826e-5, 2.883935005217725e-8, 0.0001633654466723615, 0.975666688703985, 0.9998020279977379, 0.9998928703963886, 0.9799536105153993, 0.004333416511489011, 6.788394264499684e-7"
-5.755102040816326,-3.836734693877551,"-9.529120656610879e-22, -3.049318610115481e-19, 0.0, 0.0, 0.0, 0.0, 0.0, 0.0, 0.0, 0.0, 1.734723475976807e-18, -3.1848438816761693e-19, -3.3616620094155045e-21, -2.626298444855863e-23","7.053120966348407e-7, 0.0001262950995266942, 0.022088357241111096, 1.977911662599709, 1.999873697147783, 1.9999992866294065, 1.9999999919417741, 1.9999992866242065, 1.9998736967473543, 1.977911631603791, 0.022088368554350618, 0.00012630320792464812, 7.133067038530266e-7, 3.984267270506657e-9","3.8091092608811664e-12, 2.8104144882858458e-8, 0.00019030633720817393, 0.9781019684670528, 0.9998737252574441, 0.9999992866333536, 0.9999999919417735, 0.9999992866281501, 0.999873724857502, 0.9781019381827798, 0.0001903065836902586, 2.8109823136814814e-8, 3.9466765301005426e-12, 0.0"
-5.510204081632653,-3.673469387755102,"-3.4534790574088905e-23, -3.758708703440958e-21, -3.3203691532368573e-19, -2.862293735361732e-17, 5.551115123125783e-17, 0.0, 0.0, 0.0, 0.0, 0.0, 5.551115123125783e-17, -2.42861286636753e-17, -1.9651164376299768e-19, -1.2705494208814505e-21","5.678885403741378e-9, 9.31619734392274e-7, 0.00015095834243669177, 0.024131477770878283, 1.9758685224707193, 1.9998490415930783, 1.9999990682753317, 1.9999999884995563, 1.9999990682802802, 1.9998490422104196, 1.9758685666545945, 0.024131461626479212, 0.00015094675977257108, 9.202178293487767e-7","0.0, 6.7255382344059316e-12, 4.009961278495247e-8, 0.00022710489977854833, 0.9760956273660536, 0.9998490816923961, 0.9999990682820623, 0.9999999884995565, 0.9999990682870042, 0.9998490823098929, 0.9760956704390217, 0.00022710452005824403, 4.008958743296627e-8, 6.472642006699188e-12"
-5.26530612244898,-3.510204081632653,"7.031035206700735e-24, 1.4293680984916318e-21, 0.0, -4.336808689942018e-18, 0.0, 0.0, 0.0, 0.0, 0.0, 0.0, 0.0, -2.42861286636753e-17, 2.439454888092385e-19, 1.852884572118782e-21","8.233588714969596e-9, 1.2323966950381366e-6, 0.00018197812320820615, 0.026473930926028365, 1.9735260694579007, 1.9998180217747363, 1.9999987674362774, 1.999999983305778, 1.9999987674452488, 1.9998180227585332, 1.9735261335087488, 0.026473907481668498, 0.00018196129300169958, 1.2158585902475289e-6","0.0, 1.1760575077849548e-11, 5.817817707761394e-8, 0.0002732849872263515, 0.9737993544371641, 0.9998180799524059, 0.9999987674480473, 0.9999999833057774, 0.9999987674570061, 0.9998180809364148, 0.9737994167203998, 0.0002732843837089649, 5.816063423308521e-8, 1.1276461899403306e-11"
-5.020408163265306,-3.3469387755102042,"1.04638347487958e-22, 9.476181097407485e-21, 6.911788849595091e-19, 1.3010426069826053e-17, 0.0, 0.0, -6.106226635438361e-16, -4.474198789239381e-14, -1.487088230334166e-12, 3.3073543903583413e-13, -1.3158363287857355e-12, 2.3945385604906555e-12, 1.8085589991757856e-13, -5.781092805700737e-14","1.2161115794269805e-8, 1.6534387704958996e-6, 0.00022145649230036877, 0.029177718064283063, 1.9708222825641097, 1.9997785433450725, 1.9999983462845505, 1.9999999752973499, 1.999998346305972, 1.9997785449590004, 1.9708223771552609, 0.02917768336450141, 0.0002214315647530797, 1.629002963655594e-6","0.0, 2.1149877800630056e-11, 8.599516515244813e-8, 0.00033188444543825866, 0.9711541670048474, 0.9997786293400401, 0.9999983463057037, 0.9999999752973501, 0.9999983463271247, 0.9997786309525819, 0.9711542587170359, 0.0003318834606796219, 8.596358714243045e-8, 2.0192601192335793e-11"
-4.775510204081633,-3.183673469387755,"-1.3093279945866131e-14, -6.571116407698461e-13, -3.3001060244968253e-13, 1.893402839028835e-11, 1.997334519998617e-10, -5.053371610053148e-10, 2.5634144806829795e-10, 3.195849140880114e-11, 3.9081904379401067e-11, 5.097158251032852e-10, 2.6365643002179695e-10, -7.858265149707222e-10, -2.511005032374003e-11, -2.147483993202807e-12","4.6455283598335455e-9, 5.709041052498632e-7, 6.899407266762693e-5, 0.008171916279638154, 0.5080976445667166, 1.9755569079848758, 1.9997940507426435, 1.99999829110418, 1.9999994150923395, 1.9999310077057517, 1.9918281682471803, 1.491912331376668, 0.024438203208264328, 0.00020249406942549823","0.0, 1.1033616037093927e-11, 3.62798558488168e-8, 0.00011053491439132325, 0.238295167806034, 0.9758640111656646, 0.9997941488175638, 0.9999982911334724, 0.9999994151028057, 0.9999310440268991, 0.9919387092228025, 0.7302070377514102, 0.0003069399491283759, 9.278343366340224e-8"
-4.530612244897959,-3.020408163265306,"-7.724940478959219e-19, -7.112366251504909e-17, 5.551115123125783e-17, 0.0, 0.0, 0.0, 0.0, 0.0, 0.0, -5.204170427930421e-18, 1.6263032587282567e-19, 5.293955920339377e-22, -1.819797347616661e-23, 5.557619740590655e-25","0.0003325359554830176, 0.035999828914518125, 1.964009312096239, 1.9996614723445036, 1.9999968794559895, 1.9999999423939, 1.9999968741259646, 1.9996611177146462, 1.9639912571783926, 0.03600874284502728, 0.000338882276527837, 3.1256040993942556e-6, 2.8833429616331168e-8, 2.612938505243794e-10","1.8877893764967777e-7, 0.000504860055861018, 0.9645137749161081, 0.9996616721932752, 0.999996879531092, 0.9999999423938996, 0.9999968742013496, 0.9996613180941321, 0.9644964400135139, 0.0005051828395139051, 2.003795926820521e-7, 7.538459843323015e-11, 0.0, 0.0"
-4.285714285714286,-2.857142857142857,"-3.4988547167186246e-8, 4.4873164128933496e-8, -2.339103449822133e-7, 1.0351707253608566e-6, -8.028269365186608e-7, -6.463641090363585e-9, -1.2028890967200273e-9, -1.4530788915861903e-9, 7.723143236049168e-10, 2.9005797763659302e-11, 6.996292434280349e-12, 1.2608081245701896e-11, -1.5549658782809672e-11, -3.826731886555877e-12","0.03927508496884813, 1.96071737161699, 1.999116777143528, 1.959559773963294, 0.040887513898048816, 0.00044322341380330496, 0.0004325343283222375, 0.04037493041252452, 1.9596251152899464, 1.99956762527118, 1.9995682183007069, 1.9596522870923163, 0.04036121966201688, 0.0004183246384722217","0.0005952798764476099, 0.9614998208781416, 0.9991182968201207, 0.9601985899476151, 0.0008490797052096742, 4.7154281415654587e-7, 3.2196585845568427e-7, 0.0006349702028384776, 0.9602600635297673, 0.9995679466281594, 0.9995685384055455, 0.9602859744419981, 0.0006343743292229084, 2.970195049384348e-7"
-4.040816326530612,-2.693877551020408,"5.293955920339377e-20, 3.604972223514302e-18, 1.3183898417423734e-16, -1.6653345369377348e-16, 0.0, 0.0, 0.0, 0.0, 0.0, 0.0, -5.377642775528102e-17, -2.9002408113987244e-18, -5.1033735072071595e-20, -8.304893350032398e-22","6.2461681602669205e-6, 0.0005467509218847093, 0.045591258252056864, 1.9544091043163174, 1.9994531107502944, 1.9999936043745603, 1.9999998504271301, 1.9999936040537358, 1.9994530953177585, 1.9544085368701964, 0.045591469061518536, 0.0005469031106996142, 6.393326954426896e-6, 7.304872918761346e-8","2.921356479297077e-10, 5.176634765380941e-7, 0.0008091175950842459, 0.9552182039224213, 0.99945362885273, 0.9999936046887765, 0.999999850427136, 0.9999936043680048, 0.9994536134515576, 0.9552176634747261, 0.0008091268739567032, 5.18129112691836e-7, 3.140153959055144e-10, 0.0"
-3.795918367346939,-2.5306122448979593,"-8.982514346117282e-13, 2.642780471458911e-13, -1.2152119588382249e-12, 6.817879594223086e-13, 1.2659318038288347e-12, -1.0519363158323358e-13, 5.5344617777564054e-14, 8.537615059367454e-13, -1.6964207816272392e-13, -6.078471059822732e-14, 1.0524133647882294e-12, -4.604409301750545e-13, -1.2055913666701235e-12, -5.846412482655914e-14","9.238417336616202e-6, 0.0007118877647324434, 0.05190756519574736, 1.9480298918540035, 1.999286197562527, 1.999990485825843, 1.9999997467868669, 1.999990508200764, 1.9992878508981426, 1.9480920892763671, 0.0519710757868838, 0.0007138292066917829, 9.509819969424916e-6, 1.2340412923398814e-7","6.34771756978225e-10, 8.731844791554352e-7, 0.0010482164868323078, 0.9491088542878822, 0.9992871056999021, 0.9999904865448532, 0.9999997467881923, 0.99999050889165, 0.9992887251189699, 0.9491403229072681, 0.00107901488225004, 9.082011703575616e-7, 7.174639336058255e-10, 0.0"
-3.5510204081632653,-2.36734693877551,"4.0698239049674623e-16, 1.8821749714348357e-14, 6.467604229953849e-13, -2.897126982759346e-13, -2.523536934972981e-13, -1.4205303600078878e-13, -5.639377853583483e-13, -2.384759056894836e-13, -1.819100425848319e-13, -1.0274264078402595e-12, 1.958744445937008e-12, 6.947547616012852e-14, 1.740593513562953e-15, 3.491364415432429e-17","0.0009162537404777814, 0.05962311004962627, 1.940418559227921, 1.9990566691676936, 1.9999855563418085, 1.999999556667353, 1.9999854875332752, 1.9990538830725453, 1.9403350117919014, 0.05966505885716966, 0.0009461189353977091, 1.4508998667688912e-5, 2.223088734980571e-7, 3.307291002393411e-9","1.3870876413583648e-6, 0.0013813106004076027, 0.9417968850227126, 0.9990581911993286, 0.9999855579329806, 0.9999995566706695, 0.999985489141198, 0.9990554163307707, 0.941718772987158, 0.0013837952929390115, 1.5333085546710251e-6, 1.6077944049278727e-9, 1.6503232868445854e-12, 0.0"
-3.306122448979592,-2.204081632653061,"1.0118907844899476e-15, -5.408867120469327e-14, -2.1006799815273536e-12, -3.723688024592775e-13, 1.7337797864058757e-12, -3.3029134982598407e-13, 3.294586825575152e-13, 6.660783036238627e-13, 9.769962616701378e-15, 3.22564197574593e-12, -1.0130785099704553e-13, -2.5287792693173827e-12, 6.362376988103269e-13, -1.1144737383452408e-12","3.951884427584813e-7, 2.2957299965621384e-5, 0.0012868652835947686, 0.06934065525465968, 1.9306593920927368, 1.9987131221893828, 1.9999770207727452, 1.9999991806992683, 1.9999770248819426, 1.9987132520169444, 1.930662464207027, 0.0693394954517014, 0.0012860177417960584, 2.2156919769767046e-5","5.0008990296716375e-12, 4.000053513042295e-9, 2.813358485295808e-6, 0.0018669025825298025, 0.9325262919468678, 0.9987159356407667, 0.9999770247802666, 0.9999991807106476, 0.9999770288892045, 0.9987160648572013, 0.9325291408710645, 0.0018668275741859797, 2.8073924146004894e-6, 3.577527387690975e-9"
-3.061224489795918,-2.0408163265306123,"2.0317809951440934e-12, -8.46645019716985e-13, 1.6203149932891847e-12, -1.6128764990241962e-12, -1.1829981438893356e-12, -4.3287595730134854e-13, -2.5277557824665564e-12, -2.3180346531148643e-12, -1.866451437848582e-12, -3.029132500387277e-12, 3.1478847306587454e-12, 3.405275790079737e-12, 1.8436421433156965e-12, 1.7678133103197876e-12","3.634314263612783e-5, 0.0017988463016296705, 0.0816448928047046, 1.9183386954514732, 1.9981988972443032, 1.999962045338584, 1.9999984046170616, 1.999962053187083, 1.998199458197587, 1.9183529502955732, 0.0816673594311904, 0.0018013738878965711, 3.791536016110502e-5, 7.6474011816997e-7","9.473243871111721e-9, 5.431206428622368e-6, 0.0025843055974114014, 0.9209323621430938, 0.9982043702263509, 0.9999620562329574, 0.999998404663154, 0.99996206402957, 0.9982049058806955, 0.9209374183381266, 0.002594182997533312, 5.474632928469496e-6, 1.0865156980913354e-8, 1.859327430980696e-11"
-2.816326530612245,-1.8775510204081634,"3.987995287069687e-13, 3.641497520868011e-12, -1.7556993185674497e-12, -5.234077060656261e-13, 1.7758017278879379e-12, -2.20751195101343e-12, -1.005029393041923e-12, -2.9926061628771095e-13, -2.3370194668359545e-14, -1.4432899320127035e-15, -3.885780586188048e-16, 1.734723475976807e-17, 0.0, -3.3881317890172014e-21","1.5789054004923209e-6, 6.58587878728427e-5, 0.0026082500599658915, 0.09767657737850101, 1.902324393373975, 1.9973917180925338, 1.9999340162876518, 1.9999966773420326, 1.9999340485040271, 1.9973924336794062, 1.9023359930506456, 0.09767113565287724, 0.0026046857715067034, 6.263311360044652e-5","7.756242494402274e-11, 3.2225914916591405e-8, 1.1259779176328112e-5, 0.0036910594200249202, 0.906015093489763, 0.997402977505192, 0.9999340486429833, 0.9999966775250262, 0.9999340808371054, 0.9974036874941338, 0.906025772293335, 0.0036903058885830098, 1.120991037194441e-5, 2.7504988843760277e-8"
-2.5714285714285716,-1.7142857142857142,"5.385159007088858e-14, 7.093969509042175e-13, -6.971465071892169e-12, 4.460876112943879e-13, 9.686140778342178e-13, 1.0892953206109723e-12, 9.892642260922457e-13, 4.4403369869883136e-13, 1.0275114092905824e-13, -4.1427972163887716e-13, 2.3418801620156415e-12, 2.2513089482922855e-13, 1.4733887395736167e-14, 7.312947888579464e-16","0.00011485175089217625, 0.003939836440079323, 0.11916359991534084, 1.8808543870980141, 1.9960539119615532, 1.999877618192071, 1.9999924602935675, 1.9998775049611108, 1.9960517814273366, 1.8808263196266326, 0.11917402982930081, 0.0039480123291027736, 0.00012214412284130758, 3.5420521652207253e-6","8.942317293739454e-8, 2.5071523871829737e-5, 0.005475088212341131, 0.886326911249665, 0.9960791220883441, 0.999877727253998, 0.9999924612281129, 0.9998776142319996, 0.9960770215928063, 0.8863024597828398, 0.005476041607291528, 2.5235001166195993e-5, 1.0856817645495794e-7, 3.7977868817088866e-10"
-2.326530612244898,-1.5510204081632653,"3.862732819693258e-15, 6.7752471384976976e-15, -2.1911812642105843e-13, 2.1810608874517357e-12, -6.473710456589288e-13, -1.6089907184380081e-12, -7.935319068508306e-13, -4.505840145441198e-13, -2.6556534749033744e-13, -5.895284260759581e-14, 3.7636560534792807e-13, 8.063480438913473e-13, 4.898852590945468e-13, 1.7960986701832243e-13","8.855471430699124e-6, 0.00024695052734710556, 0.006334845453525785, 0.14915287532375487, 1.8508638505044925, 1.9936657654464138, 1.9997519778500563, 1.9999808477762566, 1.999752377754831, 1.9936714172682724, 1.850918989114499, 0.1491107935110687, 0.00631204011059649, 0.00022841388745441604","2.268348644086162e-9, 4.287028528972894e-7, 6.286572608595261e-5, 0.008537276394524385, 0.8593940720731247, 0.9937285835286377, 0.9997524103601066, 0.9999808535167274, 0.9997528093986391, 0.9937341578253593, 0.8594452370918314, 0.008527057451995742, 6.214327985354949e-5, 3.3538264471147786e-7"
-2.0816326530612246,-1.3877551020408163,"-1.4357027665248129e-12, -1.7254639557429119e-12, -1.2750772659941845e-12, 3.6587399776522034e-13, 2.0521917498683706e-12, 1.6635581800983346e-12, -1.6592283103022964e-13, 1.2148615446960775e-12, 1.8278156765916265e-12, -8.649192473342282e-13, -1.4387865898690677e-12, 4.835072880265967e-12, -4.3718982427332076e-12, -6.815442705844824e-13","0.0005084577690428408, 0.010959599838852013, 0.19310065614635927, 1.807005432239034, 1.988994192598546, 1.999434062332638, 1.9999429564204037, 1.9994319317846165, 1.9889696992913968, 1.8068252651717018, 0.19320739818109395, 0.011030809455700962, 0.0005637958756318997, 2.5742894968525774e-5","1.5187872029008402e-6, 0.00017685336820361631, 0.014168038203892864, 0.8211557906088054, 0.9891736715253607, 0.99943617986049, 0.9999430081890073, 0.999434062021429, 0.9891499228254813, 0.8210044506361176, 0.014191806470575224, 0.00018029216428536247, 2.0921222990763087e-6, 1.7602320254055423e-8"
-1.836734693877551,-1.2244897959183674,"8.716497938335939e-12, -2.29099404920087e-11, -3.9408811370461594e-10, 2.110746756545101e-8, -3.464554915177942e-8, 1.4638839807012971e-8, -5.404118263996338e-10, -5.522702295479576e-10, 2.9829702596906316e-9, -1.0519928816954405e-9, -1.0102354119911894e-8, 7.775936824994112e-9, 7.913127913344864e-10, 4.332847557304842e-12","9.835146357719491e-5, 0.0016192859337706943, 0.022561632480403056, 0.2678873288882653, 1.737454040082639, 1.9782372007633588, 1.9984241691588382, 1.999779419276726, 1.9983739570140147, 1.9775742680198234, 1.732907184907896, 0.2622798576777271, 0.021463900772724084, 0.0013394035602239385","2.2565226722160277e-7, 1.577019044364554e-5, 0.0007141895416535066, 0.02814800875922816, 0.7632365117652893, 0.9788721988471893, 0.9984383093909862, 0.9997798752125957, 0.9983898045798509, 0.9782806636722245, 0.7608553229454365, 0.025734305529027317, 0.0006121969657872394, 8.932859761661845e-6"
-1.5918367346938775,-1.0612244897959184,"-6.207308430282443e-11, -6.103938569868017e-10, -1.7636943433485541e-9, 3.0911105342035228e-9, 9.65095114935366e-10, -1.647202796384306e-8, 3.0543128581861367e-9, -1.229566909399793e-8, -1.8715237304345322e-8, -8.660123995696267e-8, 6.809372439520178e-8, 4.6405019908310474e-8, 1.2487647464915277e-8, 2.42342501540491e-9","0.004793268069724518, 0.05263950142379537, 0.3901128519901048, 1.612141756156416, 1.9464113412572892, 1.9937755423412538, 1.99863080295008, 1.9935562767443566, 1.9451812249727647, 1.608629253643972, 0.3925043438947242, 0.054890562641603066, 0.006195711580829535, 0.0005375623330925932","8.000014053023169e-5, 0.0029448869097402947, 0.05449266337461021, 0.6658057283597257, 0.9495015665227217, 0.9939393654826122, 0.998651284927184, 0.9937296071741523, 0.9484013922270169, 0.6633775146320379, 0.055206745716801515, 0.0032284581321257687, 0.0001569198808374788, 4.149711351723043e-6"
-1.346938775510204,-0.8979591836734694,"-1.2943173752048842e-7, -1.4811036070511152e-7, -5.263496342111651e-7, -4.6701601336129883e-7, 5.028711154153598e-7, 1.0181530943342842e-6, -5.557318119575605e-7, -3.431846369861269e-7, 3.7744138797757287e-7, -4.1453569021854264e-8, 1.263556855257697e-7, -7.268225657441896e-8, 1.4970237079137139e-7, 1.0943636618090946e-7","0.01934728585255991, 0.12303453604615452, 0.4185631213224916, 0.9276460478433607, 1.4483550651267556, 1.776390334304177, 1.9033049068418846, 1.9209890597107466, 1.8518559091701854, 1.6302854639709088, 1.1752077177048128, 0.5921228567477874, 0.1835574021385625, 0.0293402932195993","0.0008763516424945591, 0.01458611885752562, 0.08080987699089623, 0.268205072302256, 0.5631623651003768, 0.8092323406212307, 0.915181673209474, 0.9306897730258819, 0.8723270694775498, 0.6978219077518052, 0.39458996400412105, 0.1286352177520632, 0.023903231862928493, 0.001448240615289958"
-1.1020408163265305,-0.7346938775510204,"-2.498001805406602e-16, -8.992806499463768e-15, -6.983302824892235e-14, -8.049116928532385e-15, 3.780309398848658e-14, -6.372680161348399e-14, 2.3570034812792073e-13, -2.750022431996513e-13, 2.886579864025407e-15, 2.3037127760971998e-14, -3.47499806707674e-14, 1.0036416142611415e-13, 4.4797499043625066e-14, 1.6306400674181987e-14","0.27214281844214955, 0.870089795984079, 1.0635962724511483, 1.1751913297568035, 1.1853995180772636, 1.2199154628344386, 1.2136647284050477, 1.2136647369148772, 1.2199154780141537, 1.1853995306445362, 1.175191358679952, 1.0635962989943006, 0.8700898350571193, 0.27214283574413267","0.03198127402026438, 0.22057078446999456, 0.30441067562168084, 0.37183020051999716, 0.3760351190241365, 0.398032389831103, 0.3937213020351534, 0.39372130748129675, 0.39803239825970943, 0.3760351254075141, 0.37183021711861697, 0.30441068961710244, 0.22057080005102486, 0.031981276974690595"
-0.8571428571428571,-0.5714285714285714,"1.8908485888147197e-13, -1.1063372440389685e-13, -5.240252676230739e-14, -2.2054580384178735e-13, -1.3627987627273797e-13, -5.908606937055083e-13, 1.421640583032513e-13, -1.946776073680212e-13, 2.279842981067759e-13, 1.9029222642075183e-13, 8.032463583163008e-14, -1.228295243294042e-12, 2.495559314752427e-12, -7.915335054065054e-13","0.4844227714819702, 1.0744185169101685, 1.0352309803360673, 1.1221804199198537, 1.0801306173952692, 1.1083209974979213, 1.0952956963686953, 1.0952956963554206, 1.1083209975045842, 1.0801306174546579, 1.1221804199486707, 1.0352309803468276, 1.074418516982405, 0.48442277149749136","0.07600174343536795, 0.30200115138942013, 0.28301648486973646, 0.33015124352200653, 0.30689502393509444, 0.3223209133949917, 0.3151239883129852, 0.3151239883091588, 0.32232091340180663, 0.30689502397583884, 0.33015124354940406, 0.2830164849018449, 0.30200115145620815, 0.07600174338906744"
-0.6122448979591837,-0.40816326530612246,"-1.8041124150158794e-15, -3.885780586188048e-16, -1.7763568394002505e-15, 1.1657341758564144e-15, -1.887379141862766e-15, 2.275957200481571e-15, 7.216449660063518e-16, 2.7755575615628914e-16, 3.3306690738754696e-16, -8.881784197001252e-16, 1.609823385706477e-15, -1.1657341758564144e-15, 1.1657341758564144e-15, -1.1102230246251565e-16","0.6608047434944517, 1.1057631546512838, 1.008240459097253, 1.0780009488347546, 1.0367749199689467, 1.0608436588449122, 1.049572115108119, 1.049572115101395, 1.0608436588488506, 1.0367749199621485, 1.078000948837619, 1.0082404591047762, 1.1057631546519477, 0.6608047434935227","0.12421182856357162, 0.31186572386305883, 0.2640224608601658, 0.2990710874479353, 0.2778355538702295, 0.2900908026134136, 0.28427009623195315, 0.28427009622418253, 0.29009080261079284, 0.27783555386178044, 0.2990710874495824, 0.2640224608567619, 0.3118657238566107, 0.12421182857947319"
-0.3673469387755102,-0.24489795918367346,"-1.078026556911027e-12, -2.275957200481571e-15, -3.914646384828302e-13, -3.5649261320713777e-13, 5.3790305543088834e-14, 1.8740564655672642e-13, 7.072120666862247e-14, 3.0819791163594346e-13, 3.9745984281580604e-14, 3.260169911811772e-13, 6.42264019745653e-14, 3.374245327592007e-13, 6.894484982922222e-14, 3.719802244006587e-13","0.8119857939790565, 1.0773965349523054, 0.9963993741502862, 1.0437304495109785, 1.0150038702202413, 1.0316120075811857, 1.0238719696008312, 1.023871969601326, 1.0316120075834063, 1.0150038702209807, 1.0437304495099018, 0.996399374150279, 1.0773965349622283, 0.8119857939770078","0.17445064207895813, 0.2934054955372796, 0.25353759102503043, 0.27657060233323527, 0.2622098185173866, 0.27040433475799375, 0.2665256934962992, 0.26652569349511107, 0.27040433475685766, 0.26220981852145153, 0.2765706023446363, 0.2535375910336648, 0.2934054956547062, 0.17445064206582714"
-0.12244897959183673,-0.08163265306122448,"7.16093850883226e-15, 0.0, 4.9404924595819466e-15, 2.3869795029440866e-15, 6.8833827526759706e-15, -7.216449660063518e-16, 5.662137425588298e-15, -3.885780586188048e-15, 3.3306690738754696e-15, -6.6058269965196814e-15, 1.7763568394002505e-15, -9.631184738623233e-15, -3.3306690738754696e-16, -1.0769163338864018e-14","0.9420619040131549, 1.0278034865524988, 0.996407021499821, 1.0140848758663212, 1.0033527827880155, 1.009596750150144, 1.0066931791301108, 1.0066931791302733, 1.0095967501497367, 1.0033527827884572, 1.0140848758642236, 0.9964070215082348, 1.0278034865361216, 0.9420619040229006","0.22501179611359287, 0.2651313658490462, 0.24977663064794747, 0.2582894683514122, 0.2530015920324729, 0.2560396495180789, 0.2546062208656635, 0.2546062208671251, 0.2560396495164069, 0.2530015920340962, 0.25828946835103694, 0.24977663065564787, 0.2651313658598079, 0.22501179610708813"
0.12244897959183673,0.08163265306122448,"-9.992007221626409e-16, 1.6653345369377348e-16, -3.885780586188048e-16, -7.771561172376096e-16, -1.9984014443252818e-15, -5.551115123125783e-17, -2.248201624865942e-15, 1.0824674490095276e-15, -8.326672684688674e-17, 2.4702462297909733e-15, 1.1657341758564144e-15, 6.106226635438361e-16, -3.0531133177191805e-16, 9.992007221626409e-16","1.0536649541127405, 0.9714358922861339, 1.0056343061587216, 0.986078064220352, 0.9979726959461453, 0.990982742923306, 0.9942313443523663, 0.9942313443526909, 0.9909827429229714, 0.9979726959464748, 0.9860780642205537, 1.0056343061600597, 0.9714358922803785, 1.05366495411711","0.2746574860274097, 0.2349257015625435, 0.25146510076934364, 0.2420598900631081, 0.247866566890594, 0.24448557640374416, 0.24607468529714158, 0.2460746852978154, 0.2444855764032633, 0.24786656689184228, 0.24205989006355097, 0.25146510076514217, 0.23492570154187442, 0.27465748604810364"
0.3673469387755102,0.24489795918367346,"1.659783421814609e-13, -4.274358644806853e-15, 1.7430501486614958e-13, -8.132383655379272e-15, 1.4535594949904862e-13, -6.716849298982197e-15, 1.3566925360919413e-13, -5.6343818499726694e-15, 1.1735057370287905e-13, -9.203748874142548e-14, -1.7993939671612225e-13, -8.257838857161914e-13, 3.026884298762411e-12, -2.64310795472511e-12","1.1496928517102696, 0.9137769285636616, 1.0222169571591309, 0.9580473865449726, 0.9974028882782489, 0.9739847926554969, 0.9848781950867029, 0.9848781950866183, 0.9739847926553508, 0.997402888278802, 0.9580473865462529, 1.0222169571521396, 0.9137769285866, 1.1496928516957448","0.3228051559813812, 0.20598875253387028, 0.2577700567939805, 0.22683202063202576, 0.24589372228850048, 0.2345889582941149, 0.23987928393890304, 0.23987928393891078, 0.2345889582939112, 0.24589372228927278, 0.22683202063218713, 0.2577700567967209, 0.2059887525117186, 0.32280515598784726"
0.6122448979591837,0.40816326530612246,"7.438494264988549e-15, -7.216449660063518e-16, 6.938893903907228e-15, -7.494005416219807e-16, 7.882583474838611e-15, -3.6914915568786455e-15, 6.2450045135165055e-15, -6.356026815979021e-15, 4.579669976578771e-15, -8.049116928532385e-15, 2.3592239273284576e-15, -8.604228440844963e-15, 8.881784197001252e-16, -8.548717289613705e-15","1.233168153580894, 0.8567207645310987, 1.044856885327019, 0.9289298513860367, 1.0010331398888497, 0.9574935528188409, 0.9777976524692029, 0.9777976524682046, 0.9574935528181783, 1.0010331398888788, 0.9289298513858439, 1.0448568853200912, 0.8567207645505842, 1.2331681535662746","0.3693561523868362, 0.1794273911267303, 0.26815773009492194, 0.21204520193591267, 0.246700617961404, 0.2256819993181764, 0.23547612496456038, 0.23547612496351256, 0.22568199931755614, 0.24670061796052647, 0.21204520193266133, 0.2681577300928949, 0.17942739104205807, 0.36935615237223335"
0.8571428571428571,0.5714285714285714,"-4.0284442448523805e-13, -1.1152190282359697e-13, -5.277445147555682e-13, -8.884559754562815e-14, -4.978240042419202e-13, -5.5039306445792135e-14, -6.55503429314308e-13, 1.9392820682639922e-13, -5.853095785823825e-13, 3.185229857649574e-13, -1.9453882948994305e-13, 2.0345392037768306e-12, -3.8755665343614965e-12, 4.447608947799608e-12","1.3067941924749942, 0.8007694050835342, 1.072646728737519, 0.8980001153095645, 1.0085914538129837, 0.9407069843475426, 0.9724911202358111, 0.9724911202361541, 0.9407069843483143, 1.008591453811199, 0.8980001153093105, 1.0726467287356027, 0.8007694050850697, 1.306794192472391","0.414425262321034, 0.15546559073699392, 0.28229399372892006, 0.1973888764510695, 0.25013639171448104, 0.21732947492785448, 0.23255733553380212, 0.23255733553396798, 0.21732947492669993, 0.2501363917114566, 0.19738887644326608, 0.2822939936994668, 0.15546559056765352, 0.41442526230905596"
1.1020408163265305,0.7346938775510204,"4.367617378875366e-13, 3.6914915568786455e-14, 5.173639294753229e-13, 6.691869280928131e-14, 5.311306949806749e-13, 5.551115123125783e-14, 6.347977699050489e-13, -1.5079604231971189e-13, 5.20056220310039e-13, -4.4853010194856324e-13, 1.611766275999571e-13, -1.7187362644222048e-12, 2.7706170691033094e-12, -3.41321415575635e-12","1.3727137135658567, 0.7459830897342575, 1.1048917820349073, 0.8648074741780629, 1.0199271027265673, 0.9230388851928127, 0.9686379525694782, 0.9686379525687989, 0.9230388851931555, 1.0199271027253218, 0.864807474177371, 1.104891782037197, 0.7459830897290674, 1.372713713567125","0.4581375398095248, 0.13400567628897353, 0.2999449886745766, 0.18272103223381572, 0.25615349381340485, 0.20925010614342865, 0.2309459198672341, 0.23094591986728824, 0.20925010614176717, 0.2561534938107711, 0.1827210322266873, 0.29994498865385194, 0.13400567609253966, 0.4581375397596655"
1.346938775510204,0.8979591836734694,"-2.405853294362714e-13, -1.8607337892717624e-13, -8.176792576364278e-14, 6.350475700855895e-14, -9.137135492665038e-14, 7.538414337204813e-14, -8.890110869685941e-14, 9.461875727367897e-14, -1.5765166949677223e-13, 1.496580637194711e-13, 1.1896039708858552e-13, 1.3328227410625004e-13, 2.5868196473766147e-14, 1.8501866705378234e-13","1.4324669963203116, 0.692388229619061, 1.1409509033486271, 0.8291831807426503, 1.0348819767433977, 0.9041098431542081, 0.9660188700730876, 0.9660188700708003, 0.9041098431550585, 1.0348819767430615, 0.8291831807410085, 1.140950903351205, 0.6923882296144869, 1.4324669963230239","0.500517128520067, 0.11487151763537008, 0.32087979990655374, 0.16803939911907373, 0.2647265451201603, 0.20128955574088733, 0.23054072842176077, 0.2305407284207648, 0.20128955573854765, 0.2647265451163566, 0.16803939910998342, 0.3208797998873207, 0.11487151745660323, 0.500517128466339"
1.5918367346938775,1.0612244897959184,"-6.083467063433545e-13, 1.6217582832211974e-13, -4.662936703425657e-13, 1.3081202787645907e-13, -4.2482684037281615e-13, 2.535194276731545e-13, -1.3747336602421e-13, 1.793287740525784e-13, 2.1199708655217364e-13, 1.0602629885170245e-13, -4.1772141301521515e-14, 7.005507285384738e-13, -1.6125989432680399e-12, 1.5469292513614619e-12","1.487057424155957, 0.6401360466313424, 1.1801157068873962, 0.791262998569249, 1.0531969244696389, 0.8837619156195125, 0.9644689836660267, 0.9644689836644516, 0.8837619156190497, 1.0531969244714985, 0.7912629985672552, 1.180115706888395, 0.640136046640908, 1.4870574241493113","0.541446806630463, 0.0978991512864805, 0.344785801495834, 0.15346370318363536, 0.27578617782287396, 0.19340732688151993, 0.23127829420100535, 0.231278294200208, 0.19340732687863613, 0.27578617782052617, 0.15346370317644933, 0.34478580147669186, 0.09789915115126994, 0.5414468065857522"
1.836734693877551,1.2244897959183674,"2.406408405875027e-13, -2.1316282072803006e-14, 3.8913317013111737e-13, -3.47499806707674e-14, 4.4836356849486947e-13, 3.4861002973229915e-14, 4.871103520542874e-13, -7.149836278586008e-14, 1.9673151996357774e-13, -4.4797499043625066e-14, -1.0083600621157984e-13, -3.5588199054359393e-13, 4.338751580235112e-13, -1.6015522241730196e-12","1.5370635783971447, 0.5895368985441404, 1.221542742090104, 0.7514918773822283, 1.0744490324532499, 0.8620700197151768, 0.9638458514126161, 0.9638458514137964, 0.8620700197139157, 1.0744490324556555, 0.7514918773796282, 1.2215427420973857, 0.5895368985460343, 1.5370635783989308","0.580677665339195, 0.08295641255494823, 0.37120995398647416, 0.13921060770073407, 0.2891651490779166, 0.18566190091890622, 0.23310207862110793, 0.23310207862256838, 0.1856619009159831, 0.2891651490758636, 0.13921060769125088, 0.3712099539734344, 0.08295641245533016, 0.5806776653051082"
2.0816326530612246,1.3877551020408163,"-2.858824288409778e-14, -2.4147350785597155e-15, -3.297362383136715e-14, 5.828670879282072e-15, -1.1546319456101628e-14, -7.022160630754115e-15, -1.8457457784393227e-14, -3.885780586188048e-16, -4.1799896877137144e-14, -9.381384558082573e-15, 5.5566662382489085e-14, -2.3703261575747092e-14, -1.0669243266647754e-13, 2.2137847111025621e-13","1.5827691894796865, 0.5410242875483176, 1.264249736738399, 0.7105860225589608, 1.0980316151059533, 0.8393298200327086, 0.9640093285373121, 0.9640093285359945, 0.8393298200342929, 1.0980316151022396, 0.7105860225539715, 1.2642497367460526, 0.5410242875486486, 1.5827691894774434","0.6178750563757357, 0.0699317131988659, 0.39954047251095526, 0.12555412680243322, 0.30456589312997717, 0.1781859395308679, 0.23593810854440966, 0.23593810854318448, 0.1781859395283802, 0.30456589312597754, 0.12555412679444602, 0.3995404724990015, 0.06993171314905682, 0.6178750563473423"
2.326530612244898,1.5510204081632653,"-2.5146551507759796e-13, -4.356237592872958e-14, -4.887756865912252e-13, -2.781108676686017e-14, -5.490607968283712e-13, -2.5202062658991053e-14, -4.834466160730244e-13, -7.210898544940392e-14, -1.058875209736243e-13, 1.890154699424329e-13, -3.660960423701454e-14, 6.042388811522414e-13, 2.7057800444652003e-12, -1.414979244884762e-12","1.6242942626056147, 0.49507869675482064, 1.307175670218761, 0.6694422179256465, 1.1231864740265105, 0.8160098284578432, 0.9648128500114378, 0.9648128500105633, 0.8160098284590789, 1.1231864740242923, 0.6694422179215762, 1.307175670221981, 0.4950786967625976, 1.6242942625992818","0.6526867710616807, 0.05871342122871802, 0.4290372993395013, 0.11277421873636201, 0.3215605791263655, 0.17115010059322167, 0.23967962773772664, 0.23967962773702728, 0.1711501005906571, 0.3215605791221253, 0.11277421872761526, 0.4290372993213485, 0.058713421195930746, 0.6526867710395118"
2.5714285714285716,1.7142857142857142,"-1.7763568394002505e-14, 3.4389158187764224e-14, -7.044365091246618e-14, -3.277933480205775e-14, -1.2539969063141143e-13, 3.497202527569243e-15, -5.4040105723629495e-14, 2.8949065367100957e-14, 1.7486012637846216e-15, 1.067479438177088e-13, -3.608224830031759e-16, 8.465450562766819e-14, 4.038436252074007e-15, 3.708144902248023e-14","1.6617104384952008, 0.4521386682091794, 1.3492848145460665, 0.6290078326412571, 1.1490824661224082, 0.7926707753730692, 0.966105004611455, 0.9661050046148867, 0.7926707753722346, 1.1490824661233057, 0.6290078326380333, 1.3492848145468082, 0.45213866820906623, 1.661710438497044","0.6848145910731742, 0.04917263473781196, 0.45890482660311793, 0.10110513760007334, 0.3396268687839784, 0.16472165197794292, 0.24418363236604165, 0.24418363236755383, 0.16472165197447405, 0.3396268687821037, 0.10110513759380821, 0.45890482658713555, 0.04917263467694626, 0.6848145910341046"
2.816326530612245,1.8775510204081634,"-8.132383655379272e-14, -3.197442310920451e-14, -8.032463583163008e-14, -1.650068970349139e-13, 5.551115123125783e-17, -7.83262343873048e-14, 3.84969833788773e-14, -1.740274591099933e-14, 7.280287483979464e-14, 1.709743457922741e-14, 4.1677772344428377e-13, -1.1068923555512811e-13, 1.9460821842898213e-13, -1.751931932858497e-13","1.6951238698137203, 0.4125264694464091, 1.3896780482224487, 0.5901459431530454, 1.1749156901126718, 0.7698719699325935, 0.9677380093179324, 0.9677380093220556, 0.7698719699336205, 1.17491569011088, 0.5901459431502535, 1.389678048220508, 0.4125264694454044, 1.6951238698184645","0.7140688213192256, 0.04115605728906526, 0.48838356785292725, 0.09069822394415622, 0.3582090107874921, 0.1590289002609278, 0.24927929326594983, 0.24927929326809134, 0.15902890025902416, 0.3582090107840768, 0.09069822393847, 0.4883835678386477, 0.041156057243872564, 0.7140688212972234"
3.061224489795918,2.0408163265306123,"-2.6123547769429933e-13, 2.2343238370581275e-14, 1.6681100944992977e-13, 4.446443213623752e-14, 1.099120794378905e-13, -1.015576511775862e-13, 2.613187444211462e-13, -1.5418222254481861e-13, 1.8576806759540432e-13, 5.551115123125783e-16, -1.0480505352461478e-13, -3.148592497836944e-13, 2.2150337120052654e-12, -2.0694557179012918e-12","1.7247166426838405, 0.3764077125923401, 1.4276741013484373, 0.5535336283028547, 1.1999985042614068, 0.7480912449910224, 0.9695781658189386, 0.9695781658221339, 0.7480912449911974, 1.1999985042579224, 0.5535336283050072, 1.4276741013390115, 0.3764077125946413, 1.7247166426912428","0.7403923898340863, 0.034489772679575065, 0.5168307287704986, 0.08160846710982786, 0.37678385680824406, 0.15414090904021696, 0.2547842642113498, 0.2547842642120812, 0.1541409090340014, 0.37678385680310705, 0.08160846710158522, 0.5168307287552592, 0.03448977263113942, 0.7403923898082206"
3.306122448979592,2.204081632653061,"5.551115123125783e-17, -1.3877787807814457e-17, -3.885780586188048e-16, 3.0531133177191805e-16, 2.7755575615628914e-16, -3.3306690738754696e-16, -6.106226635438361e-16, 5.273559366969494e-16, -6.938893903907228e-16, 7.771561172376096e-16, -2.7755575615628914e-16, 3.3306690738754696e-16, 6.938893903907228e-17, 5.551115123125783e-17","1.7507504151197502, 0.34378917744138415, 1.4628406250913026, 0.5196151011953882, 1.2238132326783697, 0.7276775055742385, 0.9715139429025345, 0.9715139428998094, 0.7276775055790607, 1.2238132326712414, 0.519615101197773, 1.462840625085812, 0.34378917743566617, 1.7507504151276736","0.7638538193837119, 0.028990147661970854, 0.5437679358644472, 0.0738040088782023, 0.3949119330070476, 0.1500651646953725, 0.26052263444838997, 0.26052263444558754, 0.150065164688543, 0.39491193299817, 0.07380400886583344, 0.5437679358472147, 0.028990147597691085, 0.7638538193555431"
3.5510204081632653,2.36734693877551,"-3.680389326632394e-14, -1.2323475573339238e-14, -1.0147438445073931e-13, -1.1296519275560968e-14, -6.84452494681409e-14, -3.236300116782331e-14, -2.989275493803234e-14, 1.2989609388114332e-14, 4.2021941482062175e-14, 1.152966611073225e-13, -1.1907141939104804e-14, 8.565370634983083e-14, 1.1476930517062556e-14, 3.68594044175552e-14","1.7735456559140723, 0.3145452762424673, 1.4949779373436316, 0.4886075061426426, 1.2460246656429863, 0.7088394098992451, 0.973459548819547, 0.9734595488141855, 0.7088394099044, 1.246024665633239, 0.4886075061484942, 1.4949779373360172, 0.31454527623832673, 1.773545655920779","0.7846190604606552, 0.024476509986297655, 0.5688911002167903, 0.06718977890800273, 0.4122634124432078, 0.14675880737727826, 0.26633915108044415, 0.2663391510771389, 0.14675880737343133, 0.41226341243166464, 0.06718977890278824, 0.5688911002037326, 0.02447650994128568, 0.7846190604425162"
3.795918367346939,2.5306122448979593,"-7.438494264988549e-15, -9.2148511043888e-15, -3.069766663088558e-14, -4.41591208044656e-14, -5.3512749786932545e-14, -1.4510614931850796e-13, -4.987676938128516e-14, -8.215650382226158e-14, -1.6264767310758543e-14, 5.5067062021407764e-14, -1.1764200724684315e-13, 4.576339307504895e-13, -2.0557167079715555e-12, 2.0988766280538584e-12","1.7934519048431978, 0.2884578080105307, 1.5240731283608384, 0.4605410705253062, 1.2664608794932448, 0.6916610133152415, 0.9753541954439242, 0.9753541954611638, 0.6916610133065371, 1.266460879502722, 0.4605410705202876, 1.5240731283567632, 0.28845780801768744, 1.7934519048425415","0.8029156262063285, 0.02078148531913718, 0.5920513411541862, 0.061634646783619476, 0.42862014575231694, 0.14414592817530095, 0.27210719479301904, 0.2721071948013745, 0.14414592816365668, 0.4286201457491285, 0.06163464677560357, 0.59205134113863, 0.020781485280376315, 0.8029156261883933"
4.040816326530612,2.693877551020408,"-3.452793606584237e-13, -1.2477519018005978e-13, -1.7996715229173788e-13, 5.395683899678261e-14, -8.970602038971265e-14, 1.849909114781667e-13, 2.0733414984874798e-14, 3.0600522116230877e-13, -1.9068080447937064e-14, 1.3788969965844444e-13, 2.5951463200613034e-15, 4.18554080283684e-14, 2.8033131371785203e-15, 7.93809462606987e-15","1.8108203102676437, 0.2652558010247267, 1.550244483992211, 0.43531227075693346, 1.2850777890895606, 0.6761307824480662, 0.9771585624643844, 0.9771585623869437, 0.6761307825124627, 1.2850777890225227, 0.43531227078570145, 1.5502444839559821, 0.2652558010417541, 1.8108203102510974","0.8189995212401328, 0.017757243506814728, 0.613221144627963, 0.0569945826598739, 0.4438616124993814, 0.1421344999239149, 0.2777307800368682, 0.27773077999875545, 0.14213449994107444, 0.4438616124499635, 0.05699458266033861, 0.6132211445854013, 0.01775724348308772, 0.8189995212150795"
4.285714285714286,2.857142857142857,"1.6653345369377348e-16, -2.0816681711721685e-16, 5.551115123125783e-17, -8.326672684688674e-17, -2.220446049250313e-16, 3.0531133177191805e-16, -5.828670879282072e-16, 4.440892098500626e-16, 2.4147350785597155e-15, -1.9984014443252818e-15, -5.551115123125783e-17, -1.6653345369377348e-16, 2.0816681711721685e-16, -1.6653345369377348e-16","1.8259837237292906, 0.24464794640971663, 1.5736903543707443, 0.41273446721015605, 1.3019206642910848, 0.6621727113093947, 0.9788501310609568, 0.9788501339373423, 0.6621727089727429, 1.3019206667347383, 0.41273446596399505, 1.5736903557648367, 0.24464794599311318, 1.8259837242518682","0.8331301711853102, 0.015277832005963938, 0.6324578849148479, 0.053128760899846646, 0.45794368616467396, 0.14062946017445624, 0.2831423540011085, 0.2831423554242707, 0.1406294593026662, 0.4579436876702339, 0.05312876058552645, 0.6324578859347437, 0.015277831932239515, 0.8331301716535091"
4.530612244897959,3.020408163265306,"1.7169599075828046e-13, -2.519026653935441e-13, -1.5198953207118393e-13, 1.5058787550259467e-13, 3.4910963009338047e-13, -1.4874212972415535e-13, 7.195910534107952e-13, -6.666056595605596e-13, 5.77871084317394e-14, -1.9290125052862095e-13, -4.9682480351975755e-14, 2.864375403532904e-14, -5.213121601066462e-13, 5.058731211704526e-13","1.8392450505127353, 0.22634537353755207, 1.5946490279570897, 0.3925783976836339, 1.317090394097801, 0.6496731422975803, 0.980418495134741, 0.9804187089384908, 0.6496729721801572, 1.3170905723319009, 0.3925783153464009, 1.5946491197186214, 0.2263453460476032, 1.839245084215705","0.8455542026282586, 0.013238693677987811, 0.649871894413998, 0.04990880141931252, 0.47087675671438106, 0.13954114761672298, 0.28829835109952223, 0.2882984570291679, 0.13954108602808096, 0.4708768684719201, 0.049908781461307894, 0.6498719629131464, 0.013238690629656739, 0.845554233562989"
4.775510204081633,3.183673469387755,"-1.3004597398946771e-12, -1.5009521403541726e-13, -6.439293542825908e-13, 2.182837244291136e-13, -2.30593322214645e-13, 2.7466917629226373e-13, 3.9437897392247123e-13, 1.0578204978628492e-12, -2.378652830259398e-14, 3.134159598516817e-13, 1.3822276656583199e-14, 6.228351168147128e-14, 6.279698983036042e-15, 7.827072323607354e-15","1.8508723638657085, 0.21007557282565137, 1.61337090019803, 0.3746006568300392, 1.3307180564557655, 0.638500459754092, 0.9818619989273119, 0.9818619828009476, 0.6385004726138406, 1.3307180430493348, 0.3746006630045206, 1.613370893398538, 0.2100755748510194, 1.8508723614251856","0.8564966931177506, 0.011554570908156096, 0.665602014101773, 0.047222759374917024, 0.48270714279674903, 0.13878958965355537, 0.2931744182517045, 0.2931744102562892, 0.13878959429213558, 0.4827071343594254, 0.04722276084773806, 0.6656020089945353, 0.011554571118975452, 0.8564966908705598"
5.020408163265306,3.3469387755102042,"-3.1291635949060037e-13, -1.295838436554675e-13, -1.2539969063141143e-13, -1.3811174426336947e-13, -3.451128272047299e-13, 1.0250134074851758e-13, -1.7899570714519086e-13, -1.3550272015550036e-13, -3.757272271087686e-13, 1.2903567103705882e-12, -8.458511668862911e-14, 3.519406988061746e-13, -2.6492696925117798e-14, 1.0752509993494641e-13","1.86109831904617, 0.1955897995993383, 1.6301004089669737, 0.35856230827420904, 1.342946007223912, 0.6285195248589486, 0.9831836343502933, 0.9831836300858225, 0.628519528262409, 1.3429460036907606, 0.35856230992366656, 1.6301004071741059, 0.19558980010984586, 1.8610983184335304","0.8661574716643519, 0.01015676259494307, 0.6797980559956183, 0.04497590255376724, 0.49350190338681693, 0.1383063987916408, 0.2977600945281396, 0.29776009241143886, 0.13830640000680883, 0.49350190114958215, 0.044975902932918733, 0.679798054634994, 0.010156762643392289, 0.8661574710971172"
5.26530612244898,3.510204081632653,"3.6637359812630166e-15, 8.039402477066915e-14, 1.659783421814609e-14, 1.2378986724570495e-13, -3.12194714524594e-13, 1.973698982027372e-13, -9.131584377541913e-14, -3.2529534621517087e-14, 2.84522405635812e-13, -4.762301664129609e-13, 1.5029644195863057e-14, 1.6544543512964083e-12, -1.1157463841726667e-12, -3.477773624638303e-13","1.8701224710651372, 0.18266571184195138, 1.645066388724886, 0.3442390389796308, 1.3539171305367563, 0.6195992591268593, 0.9843900015573622, 0.9843899981641198, 0.619599261825031, 1.3539171277378417, 0.3442390402822415, 1.6450663873120017, 0.18266571226825937, 1.8701224705779378","0.8747109705874757, 0.008990282454877586, 0.6926098660549332, 0.043089498090990275, 0.5033388616098486, 0.13803437919081882, 0.30205533756072017, 0.3020553358745123, 0.13803438015091704, 0.5033388598315574, 0.04308949838617745, 0.6926098649742615, 0.008990282494891708, 0.8747109701345319"
5.510204081632653,3.673469387755102,"1.3640200080544673e-12, -2.0896478991616618e-13, 4.641287354445467e-13, -1.5969170430452095e-13, 3.188005415211137e-13, -2.0983215165415459e-13, -2.395861287141088e-13, -7.089051567987781e-13, 6.190326029553717e-13, -1.7130741269966165e-13, 8.490569358698963e-13, -8.928413564035509e-13, -1.6314033457476285e-12, 6.071254610162669e-13","1.8781146203211827, 0.17110740744590286, 1.6584770512761935, 0.3314264769402159, 1.3637674614756174, 0.6116177728364343, 0.9854891945257971, 0.9854892228578571, 0.611617750332972, 1.3637674847316663, 0.33142646602920367, 1.658477062992118, 0.17110740421550996, 1.8781146240193354","0.8823076930370812, 0.008011277206761737, 0.7041804558021819, 0.041498915479047084, 0.5122991562003016, 0.13792669105988922, 0.30606698379463193, 0.30606699786983005, 0.1379266830716854, 0.512299171015585, 0.041498913036396946, 0.7041804647722598, 0.008011276908481248, 0.882307696489774"
5.755102040816326,3.836734693877551,"-6.0992322303832225e-12, 6.910583216779287e-12, -1.6488477250220512e-12, 7.446127048282847e-13, -1.8607337892717624e-13, 2.1585511156274606e-13, -8.547051955076768e-13, 7.495670750756744e-13, 1.3072876114961218e-14, -3.45778961019505e-13, -2.9079516572494413e-13, 2.2104540420286867e-13, -3.63056806840234e-13, 9.336975637097567e-13","1.8852185922686664, 0.16074388856138774, 1.670518304801925, 0.3199420735731052, 1.3726221510745646, 0.6044649138301343, 0.9864892899791621, 0.9864907654607683, 0.6044637561726673, 1.3726233454780563, 0.3199415410294463, 1.670518875585932, 0.16074373721676002, 1.8852187649674352","0.8890765684308711, 0.007184806192604556, 0.7146422763640294, 0.04015150087305774, 0.5204624214239957, 0.1379456148256248, 0.30980602536680407, 0.3098067589482763, 0.1379452095466114, 0.5204631887499467, 0.04015138624802742, 0.7146427192283737, 0.0071847930344171905, 0.8890767295926327"
6.0,4.0,"1.837419105754634e-14, -2.7547408798511697e-15, 1.965094753586527e-14, 1.828814877313789e-13, 1.7219559111936178e-13, -2.42861286636753e-14, -4.553857291256236e-13, 4.237998840750379e-13, 4.954370247389761e-14, -1.7419399256368706e-13, -7.741030039198904e-14, -1.0907941216942163e-13, 8.554268404736831e-14, -1.0880185641326534e-13","1.8915562553219138, 0.15142650446026962, 1.6813551011784558, 0.30962396285237, 1.3805962514681898, 0.5980406307750039, 0.9874007669609339, 0.9874017615767521, 0.5980398486787601, 1.380597056310416, 0.30962359979484216, 1.681355487552017, 0.15142639861180832, 1.8915563744582853","0.8951278792847936, 0.006482982483030737, 0.7241163868383143, 0.03900433941087768, 0.5279055954646132, 0.13806037882539307, 0.3132873606122665, 0.31328785537390896, 0.13806010470259572, 0.5279061127293172, 0.039004258960307764, 0.7241166842376859, 0.006482973621965471, 0.8951279907105898"
